penalty,sigmoid,log_scale,rng_seed,iteration,loss
control_zero,default,false,2027,2,0.003238272786272207
control_zero,default,false,2027,3,0.002175106671269571
control_zero,default,false,2027,4,0.005553694700458
control_zero,default,false,2027,5,0.004237491943333966
control_zero,default,false,2027,6,0.003049292808624043
control_zero,default,false,2027,7,0.0024039165522116244
control_zero,default,false,2027,8,0.0016949354930184681
control_zero,default,false,2027,9,0.0017188606671454838
control_zero,default,false,2027,10,0.00032654888710429244
control_zero,default,false,2027,11,0.00046790811082510794
control_zero,default,false,2027,12,0.0007525355117748566
control_zero,default,false,2027,13,1.2265515194789752e-5
control_zero,default,false,2027,14,2.64757117875207e-5
control_zero,default,false,2027,15,6.527585321008146e-5
control_zero,default,false,2027,16,1.128124893298388e-6
control_zero,default,false,2027,17,3.446911499586449e-5
control_zero,default,false,2027,18,1.481217908030123e-5
control_zero,default,false,2027,19,3.586968276624511e-9
control_zero,default,false,2027,20,3.2595726375415537e-6
control_zero,default,false,2027,21,4.76802853456721e-6
control_zero,default,false,2027,22,3.069536054629443e-6
control_zero,default,false,2027,23,1.178343511552032e-6
control_zero,default,false,2027,24,2.6145861496854963e-7
control_zero,default,false,2027,25,9.225141870768374e-7
control_zero,default,false,2027,26,1.100117350251125e-5
control_zero,default,false,2027,27,4.223629368415394e-6
control_zero,default,false,2027,28,6.856477356964261e-7
control_zero,default,false,2027,29,3.1332434670820556e-9
control_zero,default,false,2027,30,1.3911803111577444e-6
control_zero,default,false,2027,31,3.4084134155374487e-6
control_zero,default,false,2027,32,8.95622054877721e-6
control_zero,default,false,2027,33,2.1896123829787038e-6
control_zero,default,false,2027,34,1.498086741860334e-6
control_zero,default,false,2027,35,9.48515021975445e-7
control_zero,default,false,2027,36,3.617655741575404e-6
control_zero,default,false,2027,37,4.587514018421926e-7
control_zero,default,false,2027,38,7.25391004316458e-6
control_zero,default,false,2027,39,7.033506304809163e-7
control_zero,default,false,2027,40,6.142881181758074e-6
control_zero,default,false,2027,41,3.8722304460788905e-7
control_zero,default,false,2027,42,8.191054727416292e-6
control_zero,default,false,2027,43,8.349622683474603e-7
control_zero,default,false,2027,44,1.0788372970513385e-6
control_zero,default,false,2027,45,3.0196408436789667e-7
control_zero,default,false,2027,46,8.679450139785222e-7
control_zero,default,false,2027,47,3.0321538295184683e-7
control_zero,default,false,2027,48,1.0843124149645663e-6
control_zero,default,false,2027,49,6.207198210055949e-7
control_zero,default,false,2027,50,2.582832373818442e-6
control_zero,default,false,2027,51,7.514727975820505e-6
control_zero,default,false,2027,52,1.7211959324685234e-6
control_zero,default,false,2027,53,3.5325235060983e-6
control_zero,default,false,2027,54,8.957575323948092e-6
control_zero,default,false,2027,55,9.728838672154192e-7
control_zero,default,false,2027,56,6.791537338616833e-6
control_zero,default,false,2027,57,1.8954165530960172e-6
control_zero,default,false,2027,58,5.031516950920057e-7
control_zero,default,false,2027,59,5.554548225039824e-6
control_zero,default,false,2027,60,3.226070893010449e-6
control_zero,default,false,2027,61,2.187885328364667e-6
control_zero,default,false,2027,62,1.1452186067338232e-6
control_zero,default,false,2027,63,5.13687126359605e-6
control_zero,default,false,2027,64,4.86817686437658e-6
control_zero,default,false,2027,65,1.6146537420932458e-7
control_zero,default,false,2027,66,8.972260064568589e-6
control_zero,default,false,2027,67,5.33945871722162e-6
control_zero,default,false,2027,68,1.1964131601438527e-5
control_zero,default,false,2027,69,2.786169399482041e-7
control_zero,default,false,2027,70,1.1991859611089173e-6
control_zero,default,false,2027,71,8.14804852823947e-7
control_zero,default,false,2027,72,6.172098790712085e-6
control_zero,default,false,2027,73,2.9395857550079953e-7
control_zero,default,false,2027,74,6.216374334411872e-8
control_zero,default,false,2027,75,3.4216202492641464e-6
control_zero,default,false,2027,76,8.421151497277008e-7
control_zero,default,false,2027,77,5.941354708135073e-7
control_zero,default,false,2027,78,3.39071554977137e-6
control_zero,default,false,2027,79,2.1107115342140263e-6
control_zero,default,false,2027,80,8.040981488679285e-6
control_zero,default,false,2027,81,5.600657705100971e-7
control_zero,default,false,2027,82,9.156913660392216e-6
control_zero,default,false,2027,83,3.6801765299412974e-6
control_zero,default,false,2027,84,2.0770819308022864e-5
control_zero,default,false,2027,85,1.8735535139521362e-6
control_zero,default,false,2027,86,2.0953959496230824e-6
control_zero,default,false,2027,87,5.922198761820156e-6
control_zero,default,false,2027,88,6.481288298529951e-6
control_zero,default,false,2027,89,5.083926900306178e-6
control_zero,default,false,2027,90,1.926630911132415e-6
control_zero,default,false,2027,91,1.183036036022369e-6
control_zero,default,false,2027,92,1.118442443284671e-7
control_zero,default,false,2027,93,1.391085827572193e-6
control_zero,default,false,2027,94,9.549505318640358e-7
control_zero,default,false,2027,95,4.359898561995031e-6
control_zero,default,false,2027,96,2.2193474354932323e-6
control_zero,default,false,2027,97,4.108119457394941e-7
control_zero,default,false,2027,98,8.857216621419093e-7
control_zero,default,false,2027,99,6.99507676414307e-6
control_zero,default,false,2027,100,2.1000806958070106e-6
control_zero,default,false,2027,101,4.678767997136688e-8
control_zero,default,false,2027,102,1.4256975028332414e-6
control_zero,default,false,2027,103,6.632413628683568e-6
control_zero,default,false,2027,104,1.5699948239220654e-6
control_zero,default,false,2027,105,7.028494731615642e-7
control_zero,default,false,2027,106,1.0957033266414287e-7
control_zero,default,false,2027,107,1.0479221130894431e-5
control_zero,default,false,2027,108,7.0645470824190155e-6
control_zero,default,false,2027,109,2.2047269308019288e-6
control_zero,default,false,2027,110,4.282320689410824e-6
control_zero,default,false,2027,111,9.888385892312429e-6
control_zero,default,false,2027,112,3.271243034858368e-6
control_zero,default,false,2027,113,1.3365243933359637e-6
control_zero,default,false,2027,114,3.525526110948105e-7
control_zero,default,false,2027,115,2.2723227953435464e-6
control_zero,default,false,2027,116,1.4056794074522092e-6
control_zero,default,false,2027,117,1.4941277641666895e-6
control_zero,default,false,2027,118,1.1291432901722874e-6
control_zero,default,false,2027,119,2.440239174461294e-7
control_zero,default,false,2027,120,1.4832238858149837e-6
control_zero,default,false,2027,121,8.547456274635551e-6
control_zero,default,false,2027,122,4.9872392764124e-7
control_zero,default,true,2028,2,0.006744987221740426
control_zero,default,true,2028,3,0.018676741095681414
control_zero,default,true,2028,4,0.013240281356978606
control_zero,default,true,2028,5,0.005589765705101595
control_zero,default,true,2028,6,0.0030463411175841
control_zero,default,true,2028,7,0.009734267769520074
control_zero,default,true,2028,8,0.0018703754489702586
control_zero,default,true,2028,9,0.005074734042814266
control_zero,default,true,2028,10,0.0025265030171276706
control_zero,default,true,2028,11,0.0007561298548622526
control_zero,default,true,2028,12,0.003942576767391912
control_zero,default,true,2028,13,0.000933139674177995
control_zero,default,true,2028,14,0.001710963914451817
control_zero,default,true,2028,15,0.0003047120419291474
control_zero,default,true,2028,16,6.790261756835744e-5
control_zero,default,true,2028,17,3.7092061506874214e-68
control_zero,default,true,2028,18,9.684433864648107e-5
control_zero,default,true,2028,19,1.9835455503910096e-5
control_zero,default,true,2028,20,2.0222930346975173e-5
control_zero,default,true,2028,21,4.858979482207238e-5
control_zero,default,true,2028,22,6.76797657279546e-5
control_zero,default,true,2028,23,7.829244685479514e-5
control_zero,default,true,2028,24,0.000345182302615083
control_zero,default,true,2028,25,8.663990253052897e-5
control_zero,default,true,2028,26,0.00022364399847294052
control_zero,default,true,2028,27,0.0014513090381629242
control_zero,default,true,2028,28,0.0001781619557676422
control_zero,default,true,2028,29,0.0002994821342825252
control_zero,default,true,2028,30,6.784286880901185e-5
control_zero,default,true,2028,31,7.021412537034676e-7
control_zero,default,true,2028,32,1.3821617395667162e-5
control_zero,default,true,2028,33,0.0001473516773420648
control_zero,default,true,2028,34,1.2205141093835821e-5
control_zero,default,true,2028,35,3.4000262018749735e-5
control_zero,default,true,2028,36,2.8621620919171845e-5
control_zero,default,true,2028,37,8.735806497893605e-5
control_zero,default,true,2028,38,8.398714194145267e-5
control_zero,default,true,2028,39,6.264252134142317e-5
control_zero,default,true,2028,40,0.0002328721619190559
control_zero,default,true,2028,41,4.0538910935459616e-5
control_zero,default,true,2028,42,1.0921726688683211e-5
control_zero,default,true,2028,43,5.736564480075815e-5
control_zero,default,true,2028,44,2.4263576117599442e-5
control_zero,default,true,2028,45,2.1843160037557217e-6
control_zero,default,true,2028,46,8.330396301529098e-5
control_zero,default,true,2028,47,4.0379018360809706e-5
control_zero,default,true,2028,48,1.362508819010462e-5
control_zero,default,true,2028,49,2.3999716948425187e-5
control_zero,default,true,2028,50,6.31407526689595e-6
control_zero,default,true,2028,51,1.877785613785507e-67
control_zero,default,true,2028,52,0.00018908845187179827
control_zero,default,true,2028,53,4.79290413383388e-5
control_zero,default,true,2028,54,5.0708419439702076e-5
control_zero,default,true,2028,55,3.115953030212821e-5
control_zero,default,true,2028,56,1.3568812591997435e-5
control_zero,default,true,2028,57,5.250147997672621e-7
control_zero,default,true,2028,58,3.735914641662252e-5
control_zero,default,true,2028,59,4.402536852023714e-5
control_zero,default,true,2028,60,0.00012387756148270082
control_zero,default,true,2028,61,0.00011245255211852435
control_zero,default,true,2028,62,6.28965213444723e-5
control_zero,default,true,2028,63,5.755925474801414e-6
control_zero,default,true,2028,64,0.00016046296016871466
control_zero,default,true,2028,65,3.517067241579285e-5
control_zero,default,true,2028,66,5.7072796397225034e-5
control_zero,default,true,2028,67,9.733203971347541e-5
control_zero,default,true,2028,68,3.5519027343571334e-6
control_zero,default,true,2028,69,2.0258351417625913e-5
control_zero,default,true,2028,70,7.840657409665073e-5
control_zero,default,true,2028,71,5.725195240533074e-6
control_zero,default,true,2028,72,6.328995207919986e-5
control_zero,default,true,2028,73,2.0747651799600485e-5
control_zero,default,true,2028,74,0.00010277152730532433
control_zero,default,true,2028,75,0.0002724588032509711
control_zero,default,true,2028,76,0.0001069889261442552
control_zero,default,true,2028,77,3.736452755872555e-6
control_zero,default,true,2028,78,1.7460624562734364e-5
control_zero,default,true,2028,79,1.4152230374534723e-8
control_zero,default,true,2028,80,0.0003784120213256133
control_zero,default,true,2028,81,0.00013828066105852035
control_zero,default,true,2028,82,9.601787662670748e-5
control_zero,default,true,2028,83,1.9906380706972954e-5
control_zero,default,true,2028,84,3.098992795988681e-5
control_zero,default,true,2028,85,7.58723438331654e-6
control_zero,default,true,2028,86,3.1309407087242846e-6
control_zero,default,true,2028,87,7.473754839485498e-5
control_zero,default,true,2028,88,1.7429863761847195e-5
control_zero,default,true,2028,89,0.00022754814768855122
control_zero,default,true,2028,90,6.642805997253117e-5
control_zero,default,true,2028,91,2.8308316560383918e-5
control_zero,default,true,2028,92,0.000261355631403751
control_zero,default,true,2028,93,2.9173495216052285e-5
control_zero,default,true,2028,94,3.1515993901132774e-5
control_zero,default,true,2028,95,8.119234113936885e-5
control_zero,default,true,2028,96,8.368413905893541e-5
control_zero,default,true,2028,97,0.00015038388571476867
control_zero,default,true,2028,98,5.814279485335323e-6
control_zero,default,true,2028,99,0.00013826324773701294
control_zero,default,true,2028,100,0.00029324940320064375
control_zero,default,true,2028,101,3.270482145101296e-6
control_zero,default,true,2028,102,3.5733239216044805e-5
control_zero,default,true,2028,103,0.00017384925323061002
control_zero,default,true,2028,104,0.0002239544320922737
control_zero,default,true,2028,105,8.052437716695682e-5
control_zero,default,true,2028,106,4.607577300016033e-5
control_zero,default,true,2028,107,2.3017502459704533e-5
control_zero,default,true,2028,108,9.042719010338634e-6
control_zero,default,true,2028,109,5.071686742994583e-5
control_zero,default,true,2028,110,9.919544765337315e-5
control_zero,default,true,2028,111,8.068397085930388e-5
control_zero,default,true,2028,112,2.1805421945058082e-5
control_zero,default,true,2028,113,2.1464481620022096e-5
control_zero,default,true,2028,114,0.00013214907703130912
control_zero,default,true,2028,115,7.264995643807574e-5
control_zero,default,true,2028,116,8.274844658188535e-5
control_zero,default,true,2028,117,0.00010009228937351951
control_zero,default,true,2028,118,9.967618953613143e-5
control_zero,default,true,2028,119,0.00015502125823845555
control_zero,default,true,2028,120,6.289003027458123e-5
control_zero,default,true,2028,121,4.203158842257971e-5
control_zero,default,true,2028,122,0.00012473670661810278
control_zero,default,true,2028,123,1.8498349279859855e-5
control_zero,default,true,2028,124,9.595436868937567e-5
control_zero,default,true,2028,125,6.917098246328286e-5
control_zero,default,true,2028,126,7.567894177530137e-5
control_zero,default,true,2028,127,0.00017396229191729117
control_zero,default,true,2028,128,0.00022732213520203903
control_zero,default,true,2028,129,2.3182538441796384e-69
control_zero,default,true,2028,130,2.8566982055643983e-5
control_zero,default,true,2028,131,5.490038190870188e-5
control_zero,default,true,2028,132,5.920854250001842e-5
control_zero,default,true,2028,133,1.9624419692796384e-7
control_zero,default,true,2028,134,0.00018638787900357939
control_zero,default,true,2028,135,0.00013467199900176
control_zero,default,true,2028,136,0.00023146917318383502
control_zero,default,true,2028,137,0.00010343280143337227
control_zero,default,true,2028,138,5.660038290003788e-5
control_zero,default,true,2028,139,1.2969754488779625e-5
control_zero,default,true,2028,140,0.0001395566622650002
control_zero,default,true,2028,141,0.00010915718064559394
control_zero,default,true,2028,142,2.7635262021955527e-5
control_zero,default,true,2028,143,6.031388195024833e-5
control_zero,default,true,2028,144,0.0002854248207641958
control_zero,default,true,2028,145,0.0001629019623802015
control_zero,default,true,2028,146,7.727577419572972e-5
control_zero,default,true,2028,147,1.804411036194491e-5
control_zero,default,true,2028,148,0.00021318396481117082
control_zero,default,true,2028,149,4.1369832027008844e-5
control_zero,default,true,2028,150,4.847457088829002e-5
control_zero,default,true,2028,151,0.00014415299587120517
control_zero,default,true,2028,152,0.00012470487954985401
control_zero,default,true,2028,153,3.175175810805188e-5
control_zero,default,true,2028,154,0.00014387315271221842
control_zero,default,true,2028,155,0.00021455462376185612
control_zero,default,true,2028,156,5.019886596708909e-5
control_zero,default,true,2028,157,9.637197099300391e-5
control_zero,default,true,2028,158,3.379630496206546e-5
control_zero,default,true,2028,159,5.685105390154734e-5
control_zero,default,true,2028,160,3.016612513495787e-5
control_zero,default,true,2028,161,6.101524889851768e-5
control_zero,default,true,2028,162,7.822710978243077e-5
control_zero,default,true,2028,163,7.009117876560951e-7
control_zero,default,true,2028,164,0.00019080109600775678
control_zero,default,true,2028,165,3.33788754324846e-5
control_zero,default,true,2028,166,2.372499624991539e-5
control_zero,default,true,2028,167,6.570420745150426e-6
control_zero,default,true,2028,168,4.274465845949684e-7
control_zero,default,true,2028,169,8.321730438021099e-6
control_zero,default,true,2028,170,1.0176620827828384e-5
control_zero,default,true,2028,171,4.1058939094413864e-5
control_zero,default,true,2028,172,0.00011941797273271661
control_zero,default,true,2028,173,5.903346473493684e-5
control_zero,default,true,2028,174,4.338030643522142e-5
control_zero,default,true,2028,175,8.280266014501582e-5
control_zero,default,true,2028,176,6.107895929217493e-5
control_zero,default,true,2028,177,0.00016585989563359574
control_zero,default,true,2028,178,9.535650847627541e-5
control_zero,default,true,2028,179,0.00024581670582109443
control_zero,default,true,2028,180,1.90741731676772e-5
control_zero,default,true,2028,181,3.066871510153426e-5
control_zero,default,true,2028,182,2.851022828363019e-5
control_zero,default,true,2028,183,3.7331233435525046e-5
control_zero,default,true,2028,184,0.0003573097082586352
control_zero,default,true,2028,185,0.00015126561818364846
control_zero,default,true,2028,186,9.61425541756538e-6
control_zero,default,true,2028,187,8.055173542642788e-5
control_zero,default,true,2028,188,4.9762802266880955e-5
control_zero,default,true,2028,189,1.5465677091953372e-5
control_zero,default,true,2028,190,2.0990090998611655e-5
control_zero,default,true,2028,191,1.0416166750876934e-5
control_zero,default,true,2028,192,7.173902688073494e-5
control_zero,default,true,2028,193,6.767078394240444e-5
control_zero,default,true,2028,194,1.5752459712392198e-5
control_zero,default,true,2028,195,9.112924412949147e-5
control_zero,default,true,2028,196,0.0001669215841543992
control_zero,default,true,2028,197,1.1804266897781007e-5
control_zero,default,true,2028,198,2.9735107372064418e-5
control_zero,default,true,2028,199,2.343179067523372e-5
control_zero,default,true,2028,200,5.384134756713258e-6
control_zero,default,true,2028,201,9.591911882919742e-7
control_zero,default,true,2028,202,1.0171748905178905e-6
control_zero,default,true,2028,203,3.7092061506874214e-68
control_zero,default,true,2028,204,3.6997745649192e-7
control_zero,default,true,2028,205,3.677067924015586e-7
control_zero,default,true,2028,206,8.3223135465768e-5
control_zero,default,true,2028,207,9.827595709339656e-6
control_zero,default,true,2028,208,5.716771832503263e-5
control_zero,default,true,2028,209,1.4782440502034238e-5
control_zero,default,true,2028,210,3.785213427977882e-5
control_zero,default,true,2028,211,3.785590493324341e-5
control_zero,default,true,2028,212,3.7092061506874214e-68
control_zero,default,true,2028,213,6.749686411376015e-5
control_zero,default,true,2028,214,0.00016315172831341378
control_zero,default,true,2028,215,8.600256076005762e-5
control_zero,default,true,2028,216,6.6304190303779375e-6
control_zero,default,true,2028,217,3.103405277385575e-5
control_zero,default,true,2028,218,3.129244946249402e-5
control_zero,default,true,2028,219,1.8564015463136038e-6
control_zero,default,true,2028,220,0.0001402900688991703
control_zero,default,true,2028,221,0.00025632669062388525
control_zero,default,true,2028,222,0.00016663109808456256
control_zero,default,true,2028,223,2.5071601194050307e-5
control_zero,default,true,2028,224,1.8577069936700148e-6
control_zero,default,true,2028,225,1.6447113230974398e-7
control_zero,default,true,2028,226,1.3694787858396465e-7
control_zero,default,true,2028,227,9.79745413499059e-7
control_zero,default,true,2028,228,3.7092061506874214e-68
control_zero,default,true,2028,229,9.93986757314465e-6
control_zero,default,true,2028,230,7.0846650002368094e-6
control_zero,default,true,2028,231,0.00019022604352103597
control_zero,default,true,2028,232,0.00011384602084909932
control_zero,default,true,2028,233,1.851722897249009e-6
control_zero,default,true,2028,234,0.00012096359585225782
control_zero,default,true,2028,235,4.360888974896229e-6
control_zero,default,true,2028,236,9.956972898459144e-5
control_zero,default,true,2028,237,3.893698792362656e-5
control_zero,default,true,2028,238,5.934729841099874e-67
control_zero,default,true,2028,239,5.9443648053179994e-5
control_zero,default,true,2028,240,3.826335506688478e-5
control_zero,default,true,2028,241,9.495567745759799e-66
control_zero,default,true,2028,242,2.025061525946856e-6
control_zero,default,true,2028,243,0.00019683559445773225
control_zero,default,true,2028,244,0.00013801533624855858
control_zero,default,true,2028,245,0.0002390823326670357
control_zero,default,true,2028,246,3.7092061506874214e-68
control_zero,default,true,2028,247,2.3182538441796384e-65
control_zero,default,true,2028,248,5.5663974462483604e-5
control_zero,default,true,2028,249,0.00010605801613161711
control_zero,default,true,2028,250,5.934729841099874e-67
control_zero,default,true,2028,251,1.1348164602853088e-6
control_zero,default,true,2028,252,8.526945783815641e-5
control_zero,default,true,2028,253,0.00017207501298454242
control_zero,default,true,2028,254,0.00011169472502308259
control_zero,default,true,2028,255,3.7092061506874214e-68
control_zero,default,true,2028,256,7.345790297092805e-5
control_zero,default,true,2028,257,0.0002029119446566889
control_zero,default,true,2028,258,1.8798313135280443e-6
control_zero,default,true,2028,259,2.5430843067334396e-9
control_zero,default,true,2028,260,5.934729841099874e-67
control_zero,default,true,2028,261,4.325201776365371e-5
control_zero,default,true,2028,262,9.284427015853951e-5
control_zero,default,true,2028,263,1.5106304067550993e-6
control_zero,default,true,2028,264,3.0044569820568113e-66
control_zero,default,true,2028,265,3.348238933547458e-7
control_zero,default,true,2028,266,6.804328878593389e-5
control_zero,default,true,2028,267,1.23552531397543e-6
control_zero,default,true,2028,268,1.8784728896957149e-6
control_zero,default,true,2028,269,2.612807459684765e-5
control_zero,default,true,2028,270,1.7186792587379874e-5
control_zero,default,true,2028,271,6.418987177806825e-5
control_zero,default,true,2028,272,5.934729841099874e-67
control_zero,default,true,2028,273,1.5640534102923705e-5
control_zero,default,true,2028,274,8.973195592814554e-5
control_zero,default,true,2028,275,1.5263581657689213e-5
control_zero,default,true,2028,276,2.318165476804495e-5
control_zero,default,true,2028,277,7.5741685396938764e-6
control_zero,default,true,2028,278,2.3191924578919107e-6
control_zero,default,true,2028,279,3.7092061506874214e-68
control_zero,default,true,2028,280,3.7092061506874214e-68
control_zero,logistic,false,2029,2,0.013746598565954364
control_zero,logistic,false,2029,3,0.006624607942337461
control_zero,logistic,false,2029,4,0.011150125031687547
control_zero,logistic,false,2029,5,0.012205047887091907
control_zero,logistic,false,2029,6,0.009551819709935714
control_zero,logistic,false,2029,7,0.005571739984436933
control_zero,logistic,false,2029,8,0.005087651765895306
control_zero,logistic,false,2029,9,0.004567854190939961
control_zero,logistic,false,2029,10,0.005221208061364559
control_zero,logistic,false,2029,11,0.0008831870109203279
control_zero,logistic,false,2029,12,0.001691772313210444
control_zero,logistic,false,2029,13,0.0023120526489417564
control_zero,logistic,false,2029,14,0.0020592483403010804
control_zero,logistic,false,2029,15,0.0007730115310736061
control_zero,logistic,false,2029,16,0.000805194036626092
control_zero,logistic,false,2029,17,0.00023899311003764133
control_zero,logistic,false,2029,18,0.00042247364083017834
control_zero,logistic,false,2029,19,0.00022116110878930031
control_zero,logistic,false,2029,20,4.6445390388846365e-5
control_zero,logistic,false,2029,21,3.280286895814466e-5
control_zero,logistic,false,2029,22,1.4557553389498325e-5
control_zero,logistic,false,2029,23,0.00023390984880860546
control_zero,logistic,false,2029,24,0.00025859477749916716
control_zero,logistic,false,2029,25,2.3250234403898756e-5
control_zero,logistic,false,2029,26,1.2235745691030605e-5
control_zero,logistic,false,2029,27,6.369205592736249e-7
control_zero,logistic,false,2029,28,1.715047628937202e-7
control_zero,logistic,false,2029,29,5.315822577136275e-13
control_zero,logistic,false,2029,30,3.2633453068312455e-9
control_zero,logistic,true,2030,2,0.0010328512819899078
control_zero,logistic,true,2030,3,0.0011822500970638992
control_zero,logistic,true,2030,4,0.0008008055337587092
control_zero,logistic,true,2030,5,0.00047397186718419935
control_zero,logistic,true,2030,6,6.431730378226066e-5
control_zero,logistic,true,2030,7,1.3785539254834631e-5
control_zero,logistic,true,2030,8,1.1276480484254375e-5
control_zero,logistic,true,2030,9,7.731464183127222e-5
control_zero,logistic,true,2030,10,1.0829745410091443e-7
control_zero,logistic,true,2030,11,9.376425472371599e-8
control_zero,logistic,true,2030,12,7.331079860369618e-7
control_zero,logistic,true,2030,13,4.737231152207841e-6
control_zero,logistic,true,2030,14,7.216814629803744e-5
control_zero,logistic,true,2030,15,1.9490673353074597e-5
control_zero,logistic,true,2030,16,0.00022961892098140093
control_zero,logistic,true,2030,17,9.917134398699448e-5
control_zero,logistic,true,2030,18,6.524486668930096e-5
control_zero,logistic,true,2030,19,6.861520895981413e-5
control_zero,logistic,true,2030,20,3.207019055659741e-7
control_zero,logistic,true,2030,21,4.234147762104942e-6
control_zero,logistic,true,2030,22,4.891484372237523e-5
control_zero,logistic,true,2030,23,5.8549338530267835e-5
control_zero,logistic,true,2030,24,5.181515123822603e-5
control_zero,logistic,true,2030,25,1.82532546315021e-6
control_zero,logistic,true,2030,26,1.4032379582424295e-6
control_zero,logistic,true,2030,27,5.481915766568414e-7
control_zero,logistic,true,2030,28,8.442512715685268e-5
control_zero,logistic,true,2030,29,6.776579122153165e-7
control_zero,logistic,true,2030,30,0.00010458371451368665
control_zero,logistic,true,2030,31,9.426827809445632e-5
control_zero,logistic,true,2030,32,3.597178446240651e-6
control_zero,logistic,true,2030,33,7.187956739309528e-5
control_zero,logistic,true,2030,34,5.752952233201954e-5
control_zero,logistic,true,2030,35,5.948279009998425e-6
control_zero,logistic,true,2030,36,3.6803250715936686e-6
control_zero,logistic,true,2030,37,4.509343869205468e-5
control_zero,logistic,true,2030,38,7.030168311810092e-5
control_zero,logistic,true,2030,39,4.834234839080675e-5
control_zero,logistic,true,2030,40,6.420298030460734e-5
control_zero,logistic,true,2030,41,5.166074325585972e-5
control_zero,logistic,true,2030,42,4.0699263963650706e-5
control_zero,logistic,true,2030,43,2.4547266373278334e-5
control_zero,logistic,true,2030,44,9.534955352300014e-5
control_zero,logistic,true,2030,45,3.103851285859015e-6
control_zero,logistic,true,2030,46,1.1200736204458064e-5
control_zero,logistic,true,2030,47,1.3587194666590697e-6
control_zero,logistic,true,2030,48,3.8857177994207506e-7
control_zero,logistic,true,2030,49,5.6207313083273613e-5
control_zero,logistic,true,2030,50,3.716454279985759e-7
control_zero,logistic,true,2030,51,5.654730552771163e-5
control_zero,logistic,true,2030,52,3.3301052099463393e-5
control_zero,logistic,true,2030,53,4.250785718150426e-5
control_zero,logistic,true,2030,54,6.833299739418358e-5
control_zero,logistic,true,2030,55,7.48957603524811e-5
control_zero,logistic,true,2030,56,1.7955193149297666e-5
control_zero,logistic,true,2030,57,6.2025554929466114e-6
control_zero,logistic,true,2030,58,4.947032301100946e-7
control_zero,logistic,true,2030,59,4.390434543977603e-5
control_zero,logistic,true,2030,60,7.451463226786106e-7
control_zero,logistic,true,2030,61,7.915618726311222e-7
control_zero,logistic,true,2030,62,7.764246163830944e-6
control_zero,logistic,true,2030,63,1.053065954814946e-8
control_zero,logistic,true,2030,64,5.809250990507354e-6
control_zero,logistic,true,2030,65,4.314106747790033e-5
control_zero,logistic,true,2030,66,0.00010062467657826533
control_zero,logistic,true,2030,67,1.8799452084113246e-6
control_zero,logistic,true,2030,68,2.4127868281977464e-5
control_zero,logistic,true,2030,69,6.516858689218406e-7
control_zero,logistic,true,2030,70,9.010504347454396e-5
control_zero,logistic,true,2030,71,9.124903606781645e-6
control_zero,logistic,true,2030,72,4.6001652903216276e-5
control_zero,logistic,true,2030,73,1.47529152978878e-5
control_zero,logistic,true,2030,74,2.7068149107450067e-7
control_zero,logistic,true,2030,75,0.0001461756664577643
control_zero,logistic,true,2030,76,2.0233963282316036e-6
control_zero,logistic,true,2030,77,0.0001355649704244214
control_zero,logistic,true,2030,78,0.00011352903241410333
control_zero,logistic,true,2030,79,8.565423044292295e-6
control_zero,logistic,true,2030,80,5.659928910568289e-5
control_zero,logistic,true,2030,81,5.304505830723886e-5
control_zero,logistic,true,2030,82,1.1005573213896453e-6
control_zero,logistic,true,2030,83,2.4071778480420776e-5
control_zero,logistic,true,2030,84,1.0517419277641322e-7
control_zero,logistic,true,2030,85,1.914039183223328e-5
control_zero,logistic,true,2030,86,2.14170153057992e-7
control_zero,logistic,true,2030,87,2.9988120644734035e-5
control_zero,logistic,true,2030,88,2.56833314151204e-7
control_zero,logistic,true,2030,89,0.00014005069519315078
control_zero,logistic,true,2030,90,2.361003017095866e-5
control_zero,logistic,true,2030,91,9.828668574520055e-6
control_zero,logistic,true,2030,92,1.3147246023141505e-6
control_zero,logistic,true,2030,93,5.051355772842988e-5
control_zero,logistic,true,2030,94,6.973163156712174e-6
control_zero,logistic,true,2030,95,3.1260292066058725e-5
control_zero,logistic,true,2030,96,5.59162625675476e-5
control_zero,logistic,true,2030,97,5.9234366572980055e-5
control_zero,logistic,true,2030,98,4.447646250036991e-5
control_zero,logistic,true,2030,99,6.272156339231319e-9
control_zero,logistic,true,2030,100,9.465034804451857e-6
control_zero,logistic,true,2030,101,6.321776313105114e-5
control_zero,logistic,true,2030,102,1.4222255576208665e-5
control_zero,logistic,true,2030,103,2.9845353222697432e-5
control_zero,logistic,true,2030,104,1.8478166496369644e-5
control_zero,logistic,true,2030,105,2.3474285325521398e-5
control_zero,logistic,true,2030,106,3.3094430899420006e-9
control_zero,logistic,true,2030,107,2.328424202955859e-6
control_zero,logistic,true,2030,108,5.666986851304874e-10
control_zero,logistic,true,2030,109,6.951682817338252e-5
control_zero,logistic,true,2030,110,1.3222744646157683e-5
control_zero,logistic,true,2030,111,4.4945761494977905e-5
control_zero,logistic,true,2030,112,0.00017712759746921474
control_zero,logistic,true,2030,113,2.4531326542541348e-5
control_zero,logistic,true,2030,114,3.282505615632817e-5
control_zero,logistic,true,2030,115,1.3417460434095063e-5
control_zero,logistic,true,2030,116,4.257144401268632e-5
control_zero,logistic,true,2030,117,6.937532136703938e-5
control_zero,logistic,true,2030,118,4.2157234496617385e-5
control_zero,logistic,true,2030,119,1.7828717211514878e-5
control_zero,logistic,true,2030,120,1.6235787653930583e-7
control_zero,logistic,true,2030,121,6.828185229949429e-5
control_zero,logistic,true,2030,122,1.4937060337952534e-5
control_zero,logistic,true,2030,123,9.003578017787085e-5
control_zero,logistic,true,2030,124,2.392807945024505e-5
control_zero,logistic,true,2030,125,3.287010275744064e-5
control_zero,logistic,true,2030,126,2.3666342190700323e-6
control_zero,logistic,true,2030,127,7.85051198265028e-8
control_zero,logistic,true,2030,128,4.2436965156789544e-5
control_zero,logistic,true,2030,129,8.076782049450794e-5
control_zero,logistic,true,2030,130,1.3325654646089194e-7
control_zero,logistic,true,2030,131,4.4935096387435606e-5
control_zero,logistic,true,2030,132,3.0280864714399e-5
control_zero,logistic,true,2030,133,0.00011067632728913587
control_zero,logistic,true,2030,134,1.964793476159582e-5
control_zero,logistic,true,2030,135,6.547940552279796e-5
control_zero,logistic,true,2030,136,5.731096254367672e-7
control_zero,logistic,true,2030,137,1.9426434130238082e-5
control_zero,logistic,true,2030,138,4.016314995541359e-7
control_zero,logistic,true,2030,139,8.26005924828043e-5
control_zero,logistic,true,2030,140,1.5737209071736803e-5
control_zero,logistic,true,2030,141,2.758768537554535e-6
control_zero,logistic,true,2030,142,1.7335450362821505e-5
control_zero,logistic,true,2030,143,3.596636149847769e-7
control_zero,logistic,true,2030,144,2.632878247019189e-6
control_zero,logistic,true,2030,145,2.839124730159575e-5
control_zero,logistic,true,2030,146,6.719314741182252e-11
control_zero,logistic,true,2030,147,3.11206029824545e-5
control_zero,logistic,true,2030,148,0.00013833307814185175
control_zero,logistic,true,2030,149,5.036153321791728e-7
control_zero,logistic,true,2030,150,1.0030135875699745e-5
control_zero,logistic,true,2030,151,8.401789494878062e-5
control_zero,logistic,true,2030,152,7.991592276879816e-5
control_zero,logistic,true,2030,153,8.742116685311304e-7
control_zero,logistic,true,2030,154,2.2829371319004067e-8
control_zero,logistic,true,2030,155,2.041413331659033e-6
control_zero,logistic,true,2030,156,4.366433035306869e-7
control_zero,logistic,true,2030,157,0.00017579238879166434
control_zero,logistic,true,2030,158,6.474487521259951e-5
control_zero,logistic,true,2030,159,6.871774247227753e-5
control_zero,logistic,true,2030,160,1.8700103052062178e-5
control_zero,logistic,true,2030,161,0.00015746312474753285
control_zero,logistic,true,2030,162,9.871978456706049e-5
control_zero,logistic,true,2030,163,1.3843922849381756e-5
control_zero,logistic,true,2030,164,3.948421374329219e-5
control_zero,logistic,true,2030,165,2.224324882125153e-7
control_zero,logistic,true,2030,166,2.881984463354729e-7
control_zero,logistic,true,2030,167,6.071890085698198e-6
control_zero,logistic,true,2030,168,6.567840812358573e-7
control_zero,logistic,true,2030,169,6.830738066841329e-5
control_zero,logistic,true,2030,170,3.069753344130256e-7
control_zero,logistic,true,2030,171,6.5145592167391105e-6
control_zero,logistic,true,2030,172,8.653965535010869e-8
control_zero,logistic,true,2030,173,9.532266857176478e-5
control_zero,logistic,true,2030,174,1.2157050075905896e-5
control_zero,logistic,true,2030,175,0.00011118044254180217
control_zero,logistic,true,2030,176,7.917696607391808e-5
control_zero,logistic,true,2030,177,7.950904368243106e-6
control_zero,logistic,true,2030,178,3.799548238195996e-5
control_zero,logistic,true,2030,179,0.00011817979168687436
control_zero,logistic,true,2030,180,7.41287711743707e-5
control_zero,logistic,true,2030,181,4.291936631592816e-5
control_zero,logistic,true,2030,182,1.9769510464138746e-5
control_zero,logistic,true,2030,183,1.1268583968430545e-5
control_zero,logistic,true,2030,184,3.2934685260317572e-6
control_zero,logistic,true,2030,185,6.666522599404058e-6
control_zero,logistic,true,2030,186,5.017373880334189e-5
control_zero,logistic,true,2030,187,0.00016477093659632142
control_zero,logistic,true,2030,188,1.2904271929640598e-5
control_zero,logistic,true,2030,189,5.821063613276974e-6
control_zero,logistic,true,2030,190,1.4821778920465055e-5
control_zero,logistic,true,2030,191,1.278891045410599e-5
control_zero,logistic,true,2030,192,1.069617320973238e-6
control_zero,logistic,true,2030,193,5.889375767235775e-9
control_zero,logistic,true,2030,194,4.884894161768661e-5
control_zero,logistic,true,2030,195,3.82572001177041e-6
control_zero,logistic,true,2030,196,8.037362066615133e-5
control_zero,logistic,true,2030,197,1.7061233024231297e-5
control_zero,logistic,true,2030,198,6.59084313278397e-5
control_zero,logistic,true,2030,199,3.619464912103689e-5
control_zero,logistic,true,2030,200,5.716307809826791e-5
control_zero,logistic,true,2030,201,1.423790813092848e-5
control_zero,logistic,true,2030,202,9.520708177529096e-5
control_zero,logistic,true,2030,203,2.4587259243810044e-5
control_zero,logistic,true,2030,204,2.623978548619318e-5
control_zero,logistic,true,2030,205,4.779975273254508e-7
control_zero,logistic,true,2030,206,8.519628875816145e-6
control_zero,logistic,true,2030,207,1.9828907828979234e-6
control_zero,logistic,true,2030,208,1.2636750614384026e-5
control_zero,logistic,true,2030,209,3.2059869328808164e-5
control_zero,logistic,true,2030,210,4.524104052160122e-6
control_zero,logistic,true,2030,211,1.4018487110558033e-5
control_zero,logistic,true,2030,212,7.866625376645477e-5
control_zero,logistic,true,2030,213,4.957284597858644e-5
control_zero,logistic,true,2030,214,3.2680105508559496e-5
control_zero,logistic,true,2030,215,6.725478587407031e-8
control_zero,logistic,true,2030,216,3.325722933554923e-5
control_zero,logistic,true,2030,217,4.5434695125900084e-5
control_zero,logistic,true,2030,218,3.5215087571670815e-5
control_zero,logistic,true,2030,219,2.82732918065343e-5
control_zero,logistic,true,2030,220,0.0001612853770099273
control_zero,logistic,true,2030,221,4.930795398296421e-11
control_zero,logistic,true,2030,222,2.4638178670086623e-5
constant_one,default,false,2031,2,0.8205965120247647
constant_one,default,false,2031,3,0.8517895570964517
constant_one,default,false,2031,4,0.8515626076526929
constant_one,default,false,2031,5,0.8360398434634215
constant_one,default,false,2031,6,0.8282232686180019
constant_one,default,false,2031,7,0.8633659063102644
constant_one,default,false,2031,8,0.8360642977131088
constant_one,default,false,2031,9,0.8281473853007897
constant_one,default,false,2031,10,0.8203267404689806
constant_one,default,false,2031,11,0.8203559269663803
constant_one,default,false,2031,12,0.8281857841091617
constant_one,default,false,2031,13,0.8359439326045645
constant_one,default,false,2031,14,0.8320720427010498
constant_one,default,false,2031,15,0.8437648761556608
constant_one,default,false,2031,16,0.8086441939341079
constant_one,default,false,2031,17,0.796875
constant_one,default,false,2031,18,0.8359430806281374
constant_one,default,false,2031,19,0.8477165916031508
constant_one,default,false,2031,20,0.8398900840173097
constant_one,default,false,2031,21,0.816415272309721
constant_one,default,false,2031,22,0.8203413945405849
constant_one,default,false,2031,23,0.8242188940375798
constant_one,default,false,2031,24,0.8398492131920865
constant_one,default,false,2031,25,0.8125466989601173
constant_one,default,false,2031,26,0.855478802750229
constant_one,default,false,2031,27,0.8476742923096302
constant_one,default,false,2031,28,0.8281319255544376
constant_one,default,false,2031,29,0.8164280318576449
constant_one,default,false,2031,30,0.8046927631586268
constant_one,default,false,2031,31,0.8164195138206428
constant_one,default,false,2031,32,0.8359527829317805
constant_one,default,false,2031,33,0.8750214670721088
constant_one,default,false,2031,34,0.808618447921962
constant_one,default,false,2031,35,0.8242485460665853
constant_one,default,false,2031,36,0.8398864170865245
constant_one,default,false,2031,37,0.8242431857730754
constant_one,default,false,2031,38,0.8476663821911493
constant_one,default,false,2031,39,0.8320338811058958
constant_one,default,false,2031,40,0.8594136998009478
constant_one,default,false,2031,41,0.8320500868206843
constant_one,default,false,2031,42,0.8476692915395703
constant_one,default,false,2031,43,0.8086127771035871
constant_one,default,false,2031,44,0.8320486887172042
constant_one,default,false,2031,45,0.847675759073458
constant_one,default,false,2031,46,0.8242329783949931
constant_one,default,false,2031,47,0.8242619905281678
constant_one,default,false,2031,48,0.835963090933313
constant_one,default,false,2031,49,0.8203126702287911
constant_one,default,false,2031,50,0.839873679788363
constant_one,default,false,2031,51,0.8203253779781002
constant_one,default,false,2031,52,0.8281463769633283
constant_one,default,false,2031,53,0.8359585676511528
constant_one,default,false,2031,54,0.8399412244643877
constant_one,default,false,2031,55,0.8281415002999457
constant_one,default,false,2031,56,0.8515714361520514
constant_one,default,false,2031,57,0.8399000811323866
constant_one,default,false,2031,58,0.8437690734571872
constant_one,default,false,2031,59,0.8359443299460633
constant_one,default,false,2031,60,0.8281281646233252
constant_one,default,false,2031,61,0.8281901843383567
constant_one,default,false,2031,62,0.8242482083848921
constant_one,default,false,2031,63,0.8242355171930534
constant_one,default,false,2031,64,0.8203422333704781
constant_one,default,false,2031,65,0.8164342492866543
constant_one,default,false,2031,66,0.8164313872683345
constant_one,default,false,2031,67,0.8085957188759866
constant_one,default,false,2031,68,0.8320439049659251
constant_one,default,false,2031,69,0.8359603994992206
constant_one,default,false,2031,70,0.8516014311668969
constant_one,default,false,2031,71,0.8125298178527505
constant_one,default,false,2031,72,0.8320358680638946
constant_one,default,false,2031,73,0.8359428634193241
constant_one,default,false,2031,74,0.8203296011760121
constant_one,default,false,2031,75,0.8437931167867214
constant_one,default,false,2031,76,0.816413092741983
constant_one,default,false,2031,77,0.8359443281839468
constant_one,default,false,2031,78,0.8281326520053071
constant_one,default,false,2031,79,0.8085998025674621
constant_one,default,false,2031,80,0.8593828025015874
constant_one,default,false,2031,81,0.800803595948093
constant_one,default,false,2031,82,0.8164131719204086
constant_one,default,false,2031,83,0.8047030451897581
constant_one,default,false,2031,84,0.8437793829477862
constant_one,default,false,2031,85,0.8242743230370598
constant_one,default,false,2031,86,0.8085984485376245
constant_one,default,false,2031,87,0.8359736633135039
constant_one,default,false,2031,88,0.8203338184637323
constant_one,default,false,2031,89,0.8046909207394126
constant_one,default,false,2031,90,0.8320545404136777
constant_one,default,false,2031,91,0.8125245897830897
constant_one,default,false,2031,92,0.83204648365735
constant_one,default,false,2031,93,0.8164183216543903
constant_one,default,false,2031,94,0.8125258946009445
constant_one,default,false,2031,95,0.8203191907467554
constant_one,default,false,2031,96,0.8281404082127325
constant_one,default,false,2031,97,0.8203246109557679
constant_one,default,false,2031,98,0.8320418786827062
constant_one,default,false,2031,99,0.8398535283208438
constant_one,default,false,2031,100,0.8515884068148044
constant_one,default,false,2031,101,0.8281743450518525
constant_one,default,false,2031,102,0.8359418013998698
constant_one,default,false,2031,103,0.8359889720685939
constant_one,default,false,2031,104,0.8398779429476326
constant_one,default,false,2031,105,0.8242430625126413
constant_one,default,false,2031,106,0.8047185137563505
constant_one,default,false,2031,107,0.8203146498913741
constant_one,default,false,2031,108,0.8398600040717735
constant_one,default,false,2031,109,0.820372579086159
constant_one,default,false,2031,110,0.8320545579058171
constant_one,default,false,2031,111,0.8046943923979858
constant_one,default,false,2031,112,0.8086067768670356
constant_one,default,false,2031,113,0.828125417068275
constant_one,default,false,2031,114,0.8515717058176216
constant_one,default,false,2031,115,0.8242315801401224
constant_one,default,false,2031,116,0.8047468575866092
constant_one,default,false,2031,117,0.8125294719945264
constant_one,default,false,2031,118,0.8203295222640676
constant_one,default,false,2031,119,0.8281400812115497
constant_one,default,false,2031,120,0.8320319201653205
constant_one,default,false,2031,121,0.8320338215919022
constant_one,default,false,2031,122,0.8164583538979922
constant_one,default,false,2031,123,0.8437721086882327
constant_one,default,false,2031,124,0.8398567035949982
constant_one,default,false,2031,125,0.8046947646948387
constant_one,default,false,2031,126,0.8203969686144922
constant_one,default,false,2031,127,0.8281858486750618
constant_one,default,false,2031,128,0.8008462725511448
constant_one,default,false,2031,129,0.8359434541376554
constant_one,default,false,2031,130,0.84765670872727
constant_one,default,false,2031,131,0.8476712675894444
constant_one,default,false,2031,132,0.7969446190053128
constant_one,default,false,2031,133,0.8242576108613694
constant_one,default,false,2031,134,0.800826841563466
constant_one,default,false,2031,135,0.8242391682638607
constant_one,default,false,2031,136,0.8242226264208476
constant_one,default,false,2031,137,0.8242329528047182
constant_one,default,false,2031,138,0.8164352984025746
constant_one,default,false,2031,139,0.808612810035042
constant_one,default,false,2031,140,0.8164499800884658
constant_one,default,false,2031,141,0.8515902958791542
constant_one,default,false,2031,142,0.8359565491069523
constant_one,default,false,2031,143,0.8437557591940166
constant_one,default,false,2031,144,0.8086244219279766
constant_one,default,false,2031,145,0.8398677805025357
constant_one,default,false,2031,146,0.8281457832632477
constant_one,default,false,2031,147,0.83984375
constant_one,default,false,2031,148,0.8203156137914838
constant_one,default,false,2031,149,0.8164220689974908
constant_one,default,false,2031,150,0.8320432283260476
constant_one,default,false,2031,151,0.8593785594502321
constant_one,default,false,2031,152,0.8046887481964474
constant_one,default,false,2031,153,0.8437520534261764
constant_one,default,false,2031,154,0.8281841131137784
constant_one,default,false,2031,155,0.8437559095818158
constant_one,default,false,2031,156,0.8320333460432457
constant_one,default,false,2031,157,0.7968797145944799
constant_one,default,false,2031,158,0.8320375573756131
constant_one,default,false,2031,159,0.8554704890568953
constant_one,default,false,2031,160,0.8203749743083872
constant_one,default,false,2031,161,0.7891072542341409
constant_one,default,false,2031,162,0.8203302490639888
constant_one,default,false,2031,163,0.8515720737474572
constant_one,default,false,2031,164,0.8281339105735933
constant_one,default,false,2031,165,0.8281815724254956
constant_one,default,false,2031,166,0.8125162365984736
constant_one,default,false,2031,167,0.8476585569424456
constant_one,default,false,2031,168,0.8203531152152292
constant_one,default,false,2031,169,0.8242219686561635
constant_one,default,false,2031,170,0.8437634153983218
constant_one,default,false,2031,171,0.8359419820662444
constant_one,default,false,2031,172,0.8125118001490474
constant_one,default,false,2031,173,0.8203188847613875
constant_one,default,false,2031,174,0.824226993317996
constant_one,default,false,2031,175,0.8203231718336991
constant_one,default,false,2031,176,0.8437609395156932
constant_one,default,false,2031,177,0.8516025436819378
constant_one,default,false,2031,178,0.8359404303877296
constant_one,default,false,2031,179,0.8281470553877038
constant_one,default,false,2031,180,0.8085969273821086
constant_one,default,false,2031,181,0.8281252509671876
constant_one,default,false,2031,182,0.8164235889233016
constant_one,default,false,2031,183,0.7969067795140733
constant_one,default,false,2031,184,0.8359393665131231
constant_one,default,false,2031,185,0.8281387556942966
constant_one,default,false,2031,186,0.7969077363576109
constant_one,default,false,2031,187,0.8515902220473244
constant_one,default,false,2031,188,0.8164094269355305
constant_one,default,false,2031,189,0.8242664535291925
constant_one,default,false,2031,190,0.8086049956719459
constant_one,default,false,2031,191,0.8320405299843403
constant_one,default,false,2031,192,0.8242319967617303
constant_one,default,false,2031,193,0.8281421128557334
constant_one,default,false,2031,194,0.8320468975061214
constant_one,default,false,2031,195,0.843755756039315
constant_one,default,false,2031,196,0.8359478131588293
constant_one,default,false,2031,197,0.8515734930538865
constant_one,default,false,2031,198,0.8593751841028524
constant_one,default,false,2031,199,0.8398532809315632
constant_one,default,false,2031,200,0.7969239990663558
constant_one,default,false,2031,201,0.8242530674939815
constant_one,default,false,2031,202,0.8164171208285352
constant_one,default,false,2031,203,0.83204855200961
constant_one,default,false,2031,204,0.8281527747053652
constant_one,default,false,2031,205,0.8203277545734847
constant_one,default,false,2031,206,0.8203666651967807
constant_one,default,false,2031,207,0.8398958429235676
constant_one,default,false,2031,208,0.83203125
constant_one,default,false,2031,209,0.8164305066875864
constant_one,default,false,2031,210,0.8672247899299667
constant_one,default,false,2031,211,0.8164200494110508
constant_one,default,false,2031,212,0.8359432419656178
constant_one,default,false,2031,213,0.8125318571588044
constant_one,default,false,2031,214,0.83990571879185
constant_one,default,false,2031,215,0.8203196989989948
constant_one,default,false,2031,216,0.8320486202564581
constant_one,default,false,2031,217,0.8281570911997327
constant_one,default,false,2031,218,0.8164166642752634
constant_one,default,false,2031,219,0.8086053393975661
constant_one,default,false,2031,220,0.7929751091987315
constant_one,default,false,2031,221,0.8320334348017182
constant_one,default,false,2031,222,0.8320325985275147
constant_one,default,false,2031,223,0.8320645349323402
constant_one,default,false,2031,224,0.8554702091873072
constant_one,default,false,2031,225,0.8242256164429471
constant_one,default,false,2031,226,0.8398438912572619
constant_one,default,false,2031,227,0.8516004314293838
constant_one,default,false,2031,228,0.8320485186223716
constant_one,default,false,2031,229,0.7969070124733566
constant_one,default,false,2031,230,0.8046875
constant_one,default,false,2031,231,0.7773471574693989
constant_one,default,false,2031,232,0.7890929285108857
constant_one,default,false,2031,233,0.8086333524700114
constant_one,default,false,2031,234,0.8398748453772881
constant_one,default,false,2031,235,0.8399261359757388
constant_one,default,false,2031,236,0.8476600011980568
constant_one,default,false,2031,237,0.8398609708897284
constant_one,default,false,2031,238,0.8164417159228655
constant_one,default,false,2031,239,0.8125235089245024
constant_one,default,false,2031,240,0.8476643556260306
constant_one,default,false,2031,241,0.8086000637743721
constant_one,default,false,2031,242,0.8203393260411362
constant_one,default,false,2031,243,0.8203329829366535
constant_one,default,false,2031,244,0.8164175938191108
constant_one,default,false,2031,245,0.8398887457666114
constant_one,default,false,2031,246,0.8086149404566071
constant_one,default,false,2031,247,0.8437642621944462
constant_one,default,false,2031,248,0.8321001979235073
constant_one,default,false,2031,249,0.8007913656427116
constant_one,default,false,2031,250,0.8086335065605401
constant_one,default,false,2031,251,0.812550645951261
constant_one,default,false,2031,252,0.8164225431668449
constant_one,default,false,2031,253,0.8281574776922013
constant_one,default,false,2031,254,0.82813362642318
constant_one,default,false,2031,255,0.8086284874398839
constant_one,default,false,2031,256,0.8516243534386276
constant_one,default,false,2031,257,0.8203287225397247
constant_one,default,false,2031,258,0.7891004516063954
constant_one,default,false,2031,259,0.8359406148041325
constant_one,default,false,2031,260,0.828125
constant_one,default,false,2031,261,0.8203538902279629
constant_one,default,false,2031,262,0.7968886444642805
constant_one,default,false,2031,263,0.8398657479701749
constant_one,default,false,2031,264,0.812509754282304
constant_one,default,false,2031,265,0.8047178386574857
constant_one,default,false,2031,266,0.8476700863125158
constant_one,default,false,2031,267,0.8476665946543135
constant_one,default,false,2031,268,0.8203264226765794
constant_one,default,false,2031,269,0.8320550032082479
constant_one,default,false,2031,270,0.8438145700162025
constant_one,default,false,2031,271,0.8086313930667954
constant_one,default,false,2031,272,0.820329491049095
constant_one,default,false,2031,273,0.8046982177457461
constant_one,default,false,2031,274,0.8008248682312564
constant_one,default,false,2031,275,0.7969044028471681
constant_one,default,false,2031,276,0.8164405341787629
constant_one,default,false,2031,277,0.8515754671801777
constant_one,default,false,2031,278,0.8281647066509561
constant_one,default,false,2031,279,0.8359590415651169
constant_one,default,false,2031,280,0.8437780502909273
constant_one,default,false,2031,281,0.83203125
constant_one,default,false,2031,282,0.8243091904145641
constant_one,default,false,2031,283,0.8047001500057466
constant_one,default,false,2031,284,0.8359500171704698
constant_one,default,false,2031,285,0.8242476487401996
constant_one,default,false,2031,286,0.8437525158016778
constant_one,default,false,2031,287,0.8281317812145464
constant_one,default,false,2031,288,0.8242571817623998
constant_one,default,false,2031,289,0.8203235250188455
constant_one,default,false,2031,290,0.8320507308497115
constant_one,default,false,2031,291,0.8320355713249059
constant_one,default,false,2031,292,0.8203293373320298
constant_one,default,false,2031,293,0.851615062841143
constant_one,default,false,2031,294,0.8242311268191659
constant_one,default,false,2031,295,0.8164358162257357
constant_one,default,false,2031,296,0.8281250111490328
constant_one,default,false,2031,297,0.8086159592174169
constant_one,default,false,2031,298,0.8398629540661848
constant_one,default,false,2031,299,0.8437560406693849
constant_one,default,false,2031,300,0.839864082311747
constant_one,default,false,2031,301,0.8242285979487253
constant_one,default,false,2031,302,0.8242247492571337
constant_one,default,false,2031,303,0.8164064224403259
constant_one,default,false,2031,304,0.7968805235525157
constant_one,default,false,2031,305,0.81640625
constant_one,default,false,2031,306,0.8086491941424495
constant_one,default,false,2031,307,0.80078125
constant_one,default,false,2031,308,0.8164436432795369
constant_one,default,false,2031,309,0.828125
constant_one,default,false,2031,310,0.8125341565666819
constant_one,default,false,2031,311,0.8515687079178135
constant_one,default,false,2031,312,0.8320687848830588
constant_one,default,false,2031,313,0.8242443960121881
constant_one,default,false,2031,314,0.8320327980461409
constant_one,default,false,2031,315,0.8164376520701642
constant_one,default,false,2031,316,0.8359497154688635
constant_one,default,false,2031,317,0.8242550355977305
constant_one,default,false,2031,318,0.8281265012555185
constant_one,default,false,2031,319,0.8242363660600002
constant_one,default,false,2031,320,0.8398580920752531
constant_one,default,false,2031,321,0.8086129059978514
constant_one,default,false,2031,322,0.8047005406156824
constant_one,default,false,2031,323,0.8164339694294942
constant_one,default,false,2031,324,0.8281414023957019
constant_one,default,false,2031,325,0.8320437689482754
constant_one,default,false,2031,326,0.8359844674856711
constant_one,default,false,2031,327,0.8320531493048655
constant_one,default,false,2031,328,0.8242276223391437
constant_one,default,true,2032,2,0.8203481770410117
constant_one,default,true,2032,3,0.8515949084809831
constant_one,default,true,2032,4,0.8437621960111834
constant_one,default,true,2032,5,0.8047086862905347
constant_one,default,true,2032,6,0.8047158678227547
constant_one,default,true,2032,7,0.8320350363209771
constant_one,default,true,2032,8,0.8125014662005724
constant_one,default,true,2032,9,0.8046877931422808
constant_one,default,true,2032,10,0.8203125680364756
constant_one,default,true,2032,11,0.8242189927750864
constant_one,default,true,2032,12,0.81640625
constant_one,default,true,2032,13,0.8242187501772837
constant_one,default,true,2032,14,0.824218753640389
constant_one,default,true,2032,15,0.7890641276078072
constant_one,default,true,2032,16,0.8046875
constant_one,default,true,2032,17,0.80859375
constant_one,default,true,2032,18,0.8085937507679409
constant_one,default,true,2032,19,0.8203125
constant_one,default,true,2032,20,0.78515625
constant_one,default,true,2032,21,0.80859375
constant_one,default,true,2032,22,0.796875
constant_one,default,true,2032,23,0.80078125
constant_one,default,true,2032,24,0.81640625
constant_one,logistic,false,2033,2,0.8503413128403838
constant_one,logistic,false,2033,3,0.8109997672977636
constant_one,logistic,false,2033,4,0.8235680226408286
constant_one,logistic,false,2033,5,0.8438132777981004
constant_one,logistic,false,2033,6,0.8205518609346745
constant_one,logistic,false,2033,7,0.8322571488682055
constant_one,logistic,false,2033,8,0.823201102047318
constant_one,logistic,false,2033,9,0.8226783360210365
constant_one,logistic,false,2033,10,0.8333482162419857
constant_one,logistic,false,2033,11,0.7976091784223736
constant_one,logistic,false,2033,12,0.8294167924640112
constant_one,logistic,false,2033,13,0.808636776415657
constant_one,logistic,false,2033,14,0.8143759747150273
constant_one,logistic,false,2033,15,0.806380298176074
constant_one,logistic,false,2033,16,0.8079099137489018
constant_one,logistic,false,2033,17,0.7949802708224419
constant_one,logistic,false,2033,18,0.7955225565307816
constant_one,logistic,false,2033,19,0.7933214868770778
constant_one,logistic,false,2033,20,0.7943061269712013
constant_one,logistic,false,2033,21,0.8117317746701179
constant_one,logistic,false,2033,22,0.7995151743603199
constant_one,logistic,false,2033,23,0.8111442940634359
constant_one,logistic,false,2033,24,0.7982254973361992
constant_one,logistic,false,2033,25,0.7994268225399529
constant_one,logistic,false,2033,26,0.8139516728835259
constant_one,logistic,false,2033,27,0.8151965059638605
constant_one,logistic,false,2033,28,0.7760074420604882
constant_one,logistic,false,2033,29,0.8153536571209954
constant_one,logistic,false,2033,30,0.8212971812840651
constant_one,logistic,false,2033,31,0.9387755881176766
constant_one,logistic,false,2033,32,0.9358022949744149
constant_one,logistic,false,2033,33,0.8387632897795716
constant_one,logistic,false,2033,34,0.7951659162824778
constant_one,logistic,false,2033,35,0.7903376608909791
constant_one,logistic,false,2033,36,0.8012246052534286
constant_one,logistic,false,2033,37,0.7883736207672252
constant_one,logistic,false,2033,38,0.7744663430630261
constant_one,logistic,false,2033,39,0.815501592917932
constant_one,logistic,false,2033,40,0.8066485027862592
constant_one,logistic,false,2033,41,0.8044578008050757
constant_one,logistic,false,2033,42,0.8169615542733939
constant_one,logistic,false,2033,43,0.8045827409605234
constant_one,logistic,false,2033,44,0.801924449741967
constant_one,logistic,false,2033,45,0.8202474394671752
constant_one,logistic,false,2033,46,0.803186847956605
constant_one,logistic,false,2033,47,0.7724078702429598
constant_one,logistic,false,2033,48,0.7869486129603002
constant_one,logistic,false,2033,49,0.7852272225733231
constant_one,logistic,false,2033,50,0.800626523964169
constant_one,logistic,false,2033,51,0.7775385595733872
constant_one,logistic,false,2033,52,0.795985331211341
constant_one,logistic,false,2033,53,0.7765267715521204
constant_one,logistic,false,2033,54,0.7999547846914176
constant_one,logistic,false,2033,55,0.7935714701380242
constant_one,logistic,false,2033,56,0.7979221037442702
constant_one,logistic,false,2033,57,0.7774091910169322
constant_one,logistic,false,2033,58,0.7836949134692048
constant_one,logistic,false,2033,59,0.7742203344037907
constant_one,logistic,false,2033,60,0.8163948545011142
constant_one,logistic,false,2033,61,0.7781382675669922
constant_one,logistic,false,2033,62,0.8157921539867846
constant_one,logistic,false,2033,63,0.8235924869709307
constant_one,logistic,false,2033,64,0.8141407749016712
constant_one,logistic,false,2033,65,0.8029946662544631
constant_one,logistic,false,2033,66,0.8002982580956477
constant_one,logistic,false,2033,67,0.7851482282302721
constant_one,logistic,false,2033,68,0.8146998934496366
constant_one,logistic,false,2033,69,0.7989471984410818
constant_one,logistic,false,2033,70,0.802777061470914
constant_one,logistic,false,2033,71,0.7988342707335541
constant_one,logistic,false,2033,72,0.7872526556042582
constant_one,logistic,false,2033,73,0.811032734223775
constant_one,logistic,false,2033,74,0.7781202304604903
constant_one,logistic,false,2033,75,0.8058113663054214
constant_one,logistic,false,2033,76,0.802866250013923
constant_one,logistic,false,2033,77,0.796507316263839
constant_one,logistic,false,2033,78,0.7992792072636599
constant_one,logistic,false,2033,79,0.7977724734205999
constant_one,logistic,false,2033,80,0.8139313411453094
constant_one,logistic,false,2033,81,0.7850286599768842
constant_one,logistic,false,2033,82,0.7735282377167227
constant_one,logistic,false,2033,83,0.813185138722743
constant_one,logistic,false,2033,84,0.7981198514343155
constant_one,logistic,false,2033,85,0.7898994947150554
constant_one,logistic,false,2033,86,0.8172578498576932
constant_one,logistic,false,2033,87,0.8285635763949915
constant_one,logistic,false,2033,88,0.8016551211607199
constant_one,logistic,false,2033,89,0.7803300142021125
constant_one,logistic,false,2033,90,0.7905915345560482
constant_one,logistic,false,2033,91,0.7914891870942851
constant_one,logistic,false,2033,92,0.7910076823180439
constant_one,logistic,false,2033,93,0.8033540137875983
constant_one,logistic,false,2033,94,0.7511297139743224
constant_one,logistic,false,2033,95,0.7673016211951341
constant_one,logistic,false,2033,96,0.7789428803687383
constant_one,logistic,false,2033,97,0.9471074855822902
constant_one,logistic,false,2033,98,1.0358409666280588
constant_one,logistic,false,2033,99,0.9391012064044685
constant_one,logistic,false,2033,100,0.9449535124541565
constant_one,logistic,false,2033,101,0.8011698282435215
constant_one,logistic,false,2033,102,0.8088335042901786
constant_one,logistic,false,2033,103,0.7990920465407765
constant_one,logistic,false,2033,104,0.7868455725847343
constant_one,logistic,false,2033,105,0.8004154028813967
constant_one,logistic,false,2033,106,0.8000007653514363
constant_one,logistic,false,2033,107,0.8021916038557898
constant_one,logistic,false,2033,108,0.8165639865118084
constant_one,logistic,false,2033,109,0.8253144013434985
constant_one,logistic,false,2033,110,0.8240533160999556
constant_one,logistic,false,2033,111,0.7947371967822069
constant_one,logistic,false,2033,112,0.7829154734614959
constant_one,logistic,false,2033,113,0.7963505244822172
constant_one,logistic,false,2033,114,0.7780269381836019
constant_one,logistic,false,2033,115,0.8521305126242397
constant_one,logistic,false,2033,116,0.8296649458163737
constant_one,logistic,false,2033,117,0.7537740109826827
constant_one,logistic,false,2033,118,0.8010492764558391
constant_one,logistic,false,2033,119,0.8026646400620326
constant_one,logistic,false,2033,120,0.7949120170596342
constant_one,logistic,false,2033,121,0.7908213454068779
constant_one,logistic,false,2033,122,0.76639506103067
constant_one,logistic,false,2033,123,0.7894682516822662
constant_one,logistic,false,2033,124,0.8014468981308016
constant_one,logistic,false,2033,125,0.8115299809459432
constant_one,logistic,false,2033,126,0.7739279704930616
constant_one,logistic,false,2033,127,0.8218739663999158
constant_one,logistic,false,2033,128,0.7992987830107428
constant_one,logistic,false,2033,129,0.7986766321121654
constant_one,logistic,false,2033,130,0.8182094287825296
constant_one,logistic,false,2033,131,0.7952681300919993
constant_one,logistic,false,2033,132,0.7988166760867657
constant_one,logistic,false,2033,133,0.784457794925413
constant_one,logistic,false,2033,134,0.785075280052247
constant_one,logistic,false,2033,135,0.77387315582192
constant_one,logistic,false,2033,136,0.7863741509067566
constant_one,logistic,false,2033,137,0.8051100724108998
constant_one,logistic,false,2033,138,0.787961134842335
constant_one,logistic,false,2033,139,0.7808604896133496
constant_one,logistic,false,2033,140,0.7814305180213555
constant_one,logistic,false,2033,141,0.7540927404420805
constant_one,logistic,false,2033,142,0.79030339056018
constant_one,logistic,false,2033,143,0.7873863917295328
constant_one,logistic,false,2033,144,0.8098538821802693
constant_one,logistic,false,2033,145,0.7996935016052482
constant_one,logistic,false,2033,146,0.7987752386608926
constant_one,logistic,false,2033,147,0.7654971589937267
constant_one,logistic,false,2033,148,0.7786880615842199
constant_one,logistic,false,2033,149,0.7965330426238212
constant_one,logistic,false,2033,150,0.7821667720799794
constant_one,logistic,false,2033,151,0.7748721857715821
constant_one,logistic,false,2033,152,0.7905238838910721
constant_one,logistic,false,2033,153,0.8054617122031211
constant_one,logistic,false,2033,154,0.812728374909088
constant_one,logistic,false,2033,155,0.7830013688727444
constant_one,logistic,false,2033,156,0.7952541456334057
constant_one,logistic,false,2033,157,0.8178212451326936
constant_one,logistic,false,2033,158,0.8265461004164406
constant_one,logistic,false,2033,159,0.7912077104079025
constant_one,logistic,false,2033,160,0.7836678118919072
constant_one,logistic,false,2033,161,0.8119855367465181
constant_one,logistic,false,2033,162,0.7859910104926219
constant_one,logistic,false,2033,163,0.8032750271157586
constant_one,logistic,false,2033,164,0.7911042352461147
constant_one,logistic,false,2033,165,0.7886636521878133
constant_one,logistic,false,2033,166,0.7902802957655652
constant_one,logistic,false,2033,167,0.7742098326311059
constant_one,logistic,false,2033,168,0.812652481264774
constant_one,logistic,false,2033,169,0.7835566068332687
constant_one,logistic,false,2033,170,0.8120272461362184
constant_one,logistic,false,2033,171,0.8060063807562804
constant_one,logistic,false,2033,172,0.7868258457597441
constant_one,logistic,false,2033,173,0.7978885963463198
constant_one,logistic,false,2033,174,0.7873773212682088
constant_one,logistic,false,2033,175,0.8191339174528409
constant_one,logistic,false,2033,176,0.7872890419618647
constant_one,logistic,false,2033,177,0.8100739353805273
constant_one,logistic,false,2033,178,0.7943217399320595
constant_one,logistic,false,2033,179,0.8060193236916141
constant_one,logistic,false,2033,180,0.8093074028865651
constant_one,logistic,false,2033,181,0.8146523370308338
constant_one,logistic,false,2033,182,0.8013882213860717
constant_one,logistic,false,2033,183,0.8130089849670725
constant_one,logistic,false,2033,184,0.8071668540868897
constant_one,logistic,false,2033,185,0.8092702054730372
constant_one,logistic,false,2033,186,0.7769242132953575
constant_one,logistic,false,2033,187,0.7833370287379807
constant_one,logistic,false,2033,188,0.8086361987407943
constant_one,logistic,false,2033,189,0.788442331514229
constant_one,logistic,false,2033,190,0.7909658538727649
constant_one,logistic,false,2033,191,0.8101083072819688
constant_one,logistic,false,2033,192,0.7789753981604052
constant_one,logistic,false,2033,193,0.7831927178574322
constant_one,logistic,false,2033,194,0.7748734669458379
constant_one,logistic,false,2033,195,0.7993639123394757
constant_one,logistic,false,2033,196,0.8026026738246521
constant_one,logistic,false,2033,197,0.7868183416580997
constant_one,logistic,false,2033,198,0.7810575499927391
constant_one,logistic,false,2033,199,0.7750985595365554
constant_one,logistic,false,2033,200,0.8040490337504878
constant_one,logistic,false,2033,201,0.8261296505959345
constant_one,logistic,false,2033,202,0.8030003558922437
constant_one,logistic,false,2033,203,0.7440711224292623
constant_one,logistic,false,2033,204,0.8039482027274493
constant_one,logistic,false,2033,205,0.7929288308123663
constant_one,logistic,false,2033,206,0.7974286073644664
constant_one,logistic,false,2033,207,0.8069204617953706
constant_one,logistic,false,2033,208,0.8169745768090034
constant_one,logistic,false,2033,209,0.7839468457661064
constant_one,logistic,false,2033,210,0.7845355971405453
constant_one,logistic,false,2033,211,0.8180197954953345
constant_one,logistic,false,2033,212,0.7919335627312399
constant_one,logistic,false,2033,213,0.7703345227958238
constant_one,logistic,false,2033,214,0.7893472443581427
constant_one,logistic,false,2033,215,0.7945192800994316
constant_one,logistic,false,2033,216,0.7858133986395562
constant_one,logistic,false,2033,217,0.8144178142930129
constant_one,logistic,false,2033,218,0.8099434679238016
constant_one,logistic,false,2033,219,0.7996230352603011
constant_one,logistic,false,2033,220,0.7793648134025101
constant_one,logistic,false,2033,221,0.8053402915506057
constant_one,logistic,false,2033,222,0.7705102128647479
constant_one,logistic,false,2033,223,0.8000286216399533
constant_one,logistic,false,2033,224,0.7874087126908738
constant_one,logistic,false,2033,225,0.7792084591105745
constant_one,logistic,false,2033,226,0.7854657199220888
constant_one,logistic,false,2033,227,0.8063669556767233
constant_one,logistic,false,2033,228,0.8114512039643658
constant_one,logistic,false,2033,229,0.7852741391327202
constant_one,logistic,false,2033,230,0.8155485822245538
constant_one,logistic,false,2033,231,0.7959169972221052
constant_one,logistic,false,2033,232,0.8056020288015167
constant_one,logistic,false,2033,233,0.7792027169487222
constant_one,logistic,false,2033,234,0.7843223075568777
constant_one,logistic,false,2033,235,0.7888043276553327
constant_one,logistic,false,2033,236,0.7558292553900019
constant_one,logistic,false,2033,237,0.7694476525969186
constant_one,logistic,false,2033,238,0.8110151278826906
constant_one,logistic,false,2033,239,0.7903519474369127
constant_one,logistic,false,2033,240,0.8018086630734034
constant_one,logistic,false,2033,241,0.7842998506679695
constant_one,logistic,false,2033,242,0.8056633412506212
constant_one,logistic,false,2033,243,0.7939195350326268
constant_one,logistic,false,2033,244,0.7842226736434275
constant_one,logistic,false,2033,245,0.8102621920767137
constant_one,logistic,false,2033,246,0.8136897259297252
constant_one,logistic,false,2033,247,0.8325448543835704
constant_one,logistic,false,2033,248,0.7891378708147614
constant_one,logistic,false,2033,249,0.7995454543836659
constant_one,logistic,false,2033,250,0.810207587692109
constant_one,logistic,false,2033,251,0.8118325147809443
constant_one,logistic,false,2033,252,0.7611456352374778
constant_one,logistic,false,2033,253,0.792032788380983
constant_one,logistic,false,2033,254,0.7868075173993169
constant_one,logistic,false,2033,255,0.8107825617858441
constant_one,logistic,false,2033,256,0.7715116474472553
constant_one,logistic,false,2033,257,0.7802071841670597
constant_one,logistic,false,2033,258,0.789674310347737
constant_one,logistic,false,2033,259,0.7904526417223591
constant_one,logistic,false,2033,260,0.7791315542599836
constant_one,logistic,false,2033,261,0.7848459519597842
constant_one,logistic,false,2033,262,0.7999439293716897
constant_one,logistic,false,2033,263,0.7832845751417093
constant_one,logistic,false,2033,264,0.7984949397135096
constant_one,logistic,false,2033,265,0.8053122631389439
constant_one,logistic,false,2033,266,0.8084821006306004
constant_one,logistic,false,2033,267,0.7960809928160888
constant_one,logistic,false,2033,268,0.7901544761769563
constant_one,logistic,false,2033,269,0.7848120568846787
constant_one,logistic,false,2033,270,0.803319206879677
constant_one,logistic,false,2033,271,0.8085353464094787
constant_one,logistic,false,2033,272,0.7878416407908196
constant_one,logistic,false,2033,273,0.8097153791550015
constant_one,logistic,false,2033,274,0.7978822240312807
constant_one,logistic,false,2033,275,0.8267258362472121
constant_one,logistic,false,2033,276,0.7952626761984348
constant_one,logistic,false,2033,277,0.8064064866621213
constant_one,logistic,false,2033,278,0.8029213995160366
constant_one,logistic,false,2033,279,0.8102299850887512
constant_one,logistic,false,2033,280,0.794107070084025
constant_one,logistic,false,2033,281,0.8003695203598049
constant_one,logistic,false,2033,282,0.7921858031534281
constant_one,logistic,false,2033,283,0.772735324763077
constant_one,logistic,false,2033,284,0.7998262013739663
constant_one,logistic,false,2033,285,0.8187094600545173
constant_one,logistic,false,2033,286,0.8059589966901239
constant_one,logistic,false,2033,287,0.7760612227037262
constant_one,logistic,false,2033,288,0.8253217965077273
constant_one,logistic,false,2033,289,0.7908226880452222
constant_one,logistic,false,2033,290,0.7860374776602441
constant_one,logistic,false,2033,291,0.8036350697619885
constant_one,logistic,false,2033,292,0.7944868262987131
constant_one,logistic,false,2033,293,0.7805221626325951
constant_one,logistic,false,2033,294,0.7920089028429549
constant_one,logistic,false,2033,295,0.8085914638849591
constant_one,logistic,false,2033,296,0.8188206406131736
constant_one,logistic,false,2033,297,0.7900762204549593
constant_one,logistic,false,2033,298,0.8144171769173001
constant_one,logistic,false,2033,299,0.773401562821069
constant_one,logistic,false,2033,300,0.7832627357749221
constant_one,logistic,false,2033,301,0.7875036971774334
constant_one,logistic,false,2033,302,0.7952668666769996
constant_one,logistic,false,2033,303,0.7769956740162448
constant_one,logistic,false,2033,304,0.8222862082559201
constant_one,logistic,false,2033,305,0.8134966599619511
constant_one,logistic,false,2033,306,0.7824670013656062
constant_one,logistic,false,2033,307,0.7890372235954497
constant_one,logistic,false,2033,308,0.7724785312422998
constant_one,logistic,false,2033,309,0.7928829487520521
constant_one,logistic,false,2033,310,0.8220848776421743
constant_one,logistic,false,2033,311,0.7974409971320391
constant_one,logistic,false,2033,312,0.7999653373278939
constant_one,logistic,false,2033,313,0.7793644471638695
constant_one,logistic,false,2033,314,0.8216420310878141
constant_one,logistic,false,2033,315,0.7943810214862482
constant_one,logistic,false,2033,316,0.779847012767826
constant_one,logistic,false,2033,317,0.7870060867217539
constant_one,logistic,false,2033,318,0.7859079766593404
constant_one,logistic,false,2033,319,0.7989075508679804
constant_one,logistic,false,2033,320,0.8048130308466083
constant_one,logistic,false,2033,321,0.7880722537484242
constant_one,logistic,false,2033,322,0.8149329742570942
constant_one,logistic,false,2033,323,0.8065724849906301
constant_one,logistic,false,2033,324,0.761561689145176
constant_one,logistic,false,2033,325,0.7961629655157287
constant_one,logistic,false,2033,326,0.812514265971552
constant_one,logistic,false,2033,327,0.8115896861998921
constant_one,logistic,false,2033,328,0.7821139962590171
constant_one,logistic,false,2033,329,0.7795874025092957
constant_one,logistic,false,2033,330,0.7999540598868429
constant_one,logistic,false,2033,331,0.8116031278235665
constant_one,logistic,false,2033,332,0.8097663084763683
constant_one,logistic,false,2033,333,0.8125155132754114
constant_one,logistic,false,2033,334,0.8112164257793191
constant_one,logistic,false,2033,335,0.7935869277574332
constant_one,logistic,false,2033,336,0.7856459003934984
constant_one,logistic,false,2033,337,0.8026753907587224
constant_one,logistic,false,2033,338,0.8035563691706894
constant_one,logistic,false,2033,339,0.8128391433218364
constant_one,logistic,false,2033,340,0.802834757046865
constant_one,logistic,false,2033,341,0.8285370854882476
constant_one,logistic,false,2033,342,0.8117114517923291
constant_one,logistic,false,2033,343,0.785378631663881
constant_one,logistic,false,2033,344,0.8117093011149564
constant_one,logistic,false,2033,345,0.7823213603402438
constant_one,logistic,false,2033,346,0.8126092026516225
constant_one,logistic,false,2033,347,0.7827525636035373
constant_one,logistic,false,2033,348,0.7860854998353033
constant_one,logistic,false,2033,349,0.8034106457991838
constant_one,logistic,false,2033,350,0.8073499061347424
constant_one,logistic,false,2033,351,0.787442927665839
constant_one,logistic,false,2033,352,0.7698245868925465
constant_one,logistic,false,2033,353,0.7825497248128848
constant_one,logistic,false,2033,354,0.802758362639399
constant_one,logistic,false,2033,355,0.7989173277441709
constant_one,logistic,false,2033,356,0.8170737659409615
constant_one,logistic,false,2033,357,0.7878343383489137
constant_one,logistic,false,2033,358,0.7904207067973705
constant_one,logistic,false,2033,359,0.7835976380980432
constant_one,logistic,false,2033,360,0.783601758258157
constant_one,logistic,false,2033,361,0.7865450050669336
constant_one,logistic,false,2033,362,0.7999607399627741
constant_one,logistic,true,2034,2,0.8833913227284828
constant_one,logistic,true,2034,3,0.8666327367309474
constant_one,logistic,true,2034,4,0.8853500891954494
constant_one,logistic,true,2034,5,0.8629786684782053
constant_one,logistic,true,2034,6,0.8625286751958843
constant_one,logistic,true,2034,7,0.861420823635959
constant_one,logistic,true,2034,8,0.8287296388571171
constant_one,logistic,true,2034,9,0.8442487485321085
constant_one,logistic,true,2034,10,0.8468429019125835
constant_one,logistic,true,2034,11,0.8350026949518995
constant_one,logistic,true,2034,12,0.8715158198342697
constant_one,logistic,true,2034,13,0.8380800672697348
constant_one,logistic,true,2034,14,0.8113378546878859
constant_one,logistic,true,2034,15,0.8193239906345564
constant_one,logistic,true,2034,16,0.8306369680832587
constant_one,logistic,true,2034,17,0.8335955768920167
constant_one,logistic,true,2034,18,0.7976583195643938
constant_one,logistic,true,2034,19,0.8291322242533854
constant_one,logistic,true,2034,20,0.8105448123188055
constant_one,logistic,true,2034,21,0.8001630432151906
constant_one,logistic,true,2034,22,0.7831487153587863
constant_one,logistic,true,2034,23,0.7694706330938367
constant_one,logistic,true,2034,24,0.8131010778215405
constant_one,logistic,true,2034,25,0.8785311212148954
constant_one,logistic,true,2034,26,0.884544471697314
constant_one,logistic,true,2034,27,0.8211531542254826
constant_one,logistic,true,2034,28,0.8045863237578561
constant_one,logistic,true,2034,29,0.8186652231542891
constant_one,logistic,true,2034,30,0.8097257487180554
constant_one,logistic,true,2034,31,0.830768904601039
constant_one,logistic,true,2034,32,0.8141640056108117
constant_one,logistic,true,2034,33,0.8176228041385196
constant_one,logistic,true,2034,34,0.8347270450016432
constant_one,logistic,true,2034,35,0.80954060921477
constant_one,logistic,true,2034,36,0.8281780261577941
constant_one,logistic,true,2034,37,0.8003056649686964
constant_one,logistic,true,2034,38,0.7987944497982391
constant_one,logistic,true,2034,39,0.8274194286523067
constant_one,logistic,true,2034,40,0.8139728280242795
constant_one,logistic,true,2034,41,0.7999060908108969
constant_one,logistic,true,2034,42,0.8250888707162586
constant_one,logistic,true,2034,43,0.7797691412659276
constant_one,logistic,true,2034,44,0.8190926488467347
constant_one,logistic,true,2034,45,0.8004892340936733
constant_one,logistic,true,2034,46,0.7986175548907487
constant_one,logistic,true,2034,47,0.8030520511886231
constant_one,logistic,true,2034,48,0.8061706256699319
constant_one,logistic,true,2034,49,0.8120378969389477
constant_one,logistic,true,2034,50,0.7894678176210753
constant_one,logistic,true,2034,51,0.7883830495299541
constant_one,logistic,true,2034,52,0.7935098548632828
constant_one,logistic,true,2034,53,0.799183449118422
constant_one,logistic,true,2034,54,0.7880002694716761
constant_one,logistic,true,2034,55,0.7797439857560695
constant_one,logistic,true,2034,56,0.8187861913785277
constant_one,logistic,true,2034,57,0.7770898680550054
constant_one,logistic,true,2034,58,0.7584761786771907
constant_one,logistic,true,2034,59,0.7668606729370742
constant_one,logistic,true,2034,60,0.7999520386708017
constant_one,logistic,true,2034,61,0.7663761742699546
constant_one,logistic,true,2034,62,0.7638726004431343
constant_one,logistic,true,2034,63,0.7688930056204266
constant_one,logistic,true,2034,64,0.8064329897836128
constant_one,logistic,true,2034,65,0.8067242112702702
constant_one,logistic,true,2034,66,0.8009080737831998
constant_one,logistic,true,2034,67,0.8183447318510169
constant_one,logistic,true,2034,68,0.7834268660706928
constant_one,logistic,true,2034,69,0.7942507991522091
constant_one,logistic,true,2034,70,0.7794662655027275
constant_one,logistic,true,2034,71,0.7777445168649892
constant_one,logistic,true,2034,72,0.7736519890258676
constant_one,logistic,true,2034,73,0.7962557189363159
constant_one,logistic,true,2034,74,0.7730318605607203
constant_one,logistic,true,2034,75,0.7993235700574289
constant_one,logistic,true,2034,76,0.809325191091622
constant_one,logistic,true,2034,77,0.7674319615289396
constant_one,logistic,true,2034,78,0.8009980813126238
constant_one,logistic,true,2034,79,0.7939857908654191
constant_one,logistic,true,2034,80,0.7840339279262806
constant_one,logistic,true,2034,81,0.8062409448597849
constant_one,logistic,true,2034,82,0.7890177001910547
constant_one,logistic,true,2034,83,0.7967524714771648
constant_one,logistic,true,2034,84,0.7904485073386128
constant_one,logistic,true,2034,85,0.7669987557770763
constant_one,logistic,true,2034,86,0.7965909792349395
constant_one,logistic,true,2034,87,0.8150962903943103
constant_one,logistic,true,2034,88,0.8193393695261646
constant_one,logistic,true,2034,89,0.7733257999185507
constant_one,logistic,true,2034,90,0.8122972260249456
constant_one,logistic,true,2034,91,0.8025476929020415
constant_one,logistic,true,2034,92,0.7691529236628096
constant_one,logistic,true,2034,93,0.7816212229530067
constant_one,logistic,true,2034,94,0.7891942025895897
constant_one,logistic,true,2034,95,0.7962170853575816
constant_one,logistic,true,2034,96,0.7789071703240931
constant_one,logistic,true,2034,97,0.7833778177222209
constant_one,logistic,true,2034,98,0.8095571088156946
constant_one,logistic,true,2034,99,0.7672717844347126
constant_one,logistic,true,2034,100,0.8149314547337204
constant_one,logistic,true,2034,101,0.793030869735662
constant_one,logistic,true,2034,102,0.7706433764473578
constant_one,logistic,true,2034,103,0.8001587045532784
constant_one,logistic,true,2034,104,0.8097336861714294
constant_one,logistic,true,2034,105,0.7693700279245188
constant_one,logistic,true,2034,106,0.7912964760880562
constant_one,logistic,true,2034,107,0.7857121224956881
constant_one,logistic,true,2034,108,0.7600613478364238
constant_one,logistic,true,2034,109,0.7802326755622814
constant_one,logistic,true,2034,110,0.793963816306077
constant_one,logistic,true,2034,111,0.7992052498934493
constant_one,logistic,true,2034,112,0.7922097242268441
constant_one,logistic,true,2034,113,0.8030589284127138
constant_one,logistic,true,2034,114,0.8082356355991319
constant_one,logistic,true,2034,115,0.8080270766964766
constant_one,logistic,true,2034,116,0.8111760645761777
constant_one,logistic,true,2034,117,0.8154564215253227
constant_one,logistic,true,2034,118,0.7840493101730158
constant_one,logistic,true,2034,119,0.7873023132350513
constant_one,logistic,true,2034,120,0.8350139671150691
constant_one,logistic,true,2034,121,0.7951117516414384
constant_one,logistic,true,2034,122,0.810259997841598
constant_one,logistic,true,2034,123,0.7856207438101888
constant_one,logistic,true,2034,124,0.7980168394419662
constant_one,logistic,true,2034,125,0.7941488964737677
constant_one,logistic,true,2034,126,0.7887351688450351
constant_one,logistic,true,2034,127,0.789864739796504
constant_one,logistic,true,2034,128,0.8044538019557564
constant_one,logistic,true,2034,129,0.8066981032134043
constant_one,logistic,true,2034,130,0.7871899732653664
constant_one,logistic,true,2034,131,0.7941571722521318
constant_one,logistic,true,2034,132,0.7926803073374745
constant_one,logistic,true,2034,133,0.7846794436997577
constant_one,logistic,true,2034,134,0.7900835693221541
constant_one,logistic,true,2034,135,0.8261578184114339
constant_one,logistic,true,2034,136,0.7862939690650176
constant_one,logistic,true,2034,137,0.7936407344494619
constant_one,logistic,true,2034,138,0.7910117653865626
constant_one,logistic,true,2034,139,0.8244625790480835
constant_one,logistic,true,2034,140,0.8400538298611664
constant_one,logistic,true,2034,141,0.8070823111021506
constant_one,logistic,true,2034,142,0.7910809965681616
constant_one,logistic,true,2034,143,0.7756957529842785
constant_one,logistic,true,2034,144,0.7939308835375595
constant_one,logistic,true,2034,145,0.7892844613324503
constant_one,logistic,true,2034,146,0.7949335713637694
constant_one,logistic,true,2034,147,0.8050298599277804
constant_one,logistic,true,2034,148,0.7682389965097207
constant_one,logistic,true,2034,149,0.8057343960570081
constant_one,logistic,true,2034,150,0.769405443953765
constant_one,logistic,true,2034,151,0.8260502946446079
constant_one,logistic,true,2034,152,0.7860248373778034
constant_one,logistic,true,2034,153,0.7916984294201593
constant_one,logistic,true,2034,154,0.7899786229234903
constant_one,logistic,true,2034,155,0.8196739818887825
constant_one,logistic,true,2034,156,0.780049294222666
constant_one,logistic,true,2034,157,0.8021116666228432
constant_one,logistic,true,2034,158,0.7746687009668388
constant_one,logistic,true,2034,159,0.8126082868330698
constant_one,logistic,true,2034,160,0.7874993229018725
constant_one,logistic,true,2034,161,0.8098688386039173
constant_one,logistic,true,2034,162,0.7887289499845488
constant_one,logistic,true,2034,163,0.7608373309246964
constant_one,logistic,true,2034,164,0.7939581324493834
constant_one,logistic,true,2034,165,0.7660215921445551
constant_one,logistic,true,2034,166,0.7774719132226521
constant_one,logistic,true,2034,167,0.8013808226791936
constant_one,logistic,true,2034,168,0.7975865523832228
constant_one,logistic,true,2034,169,0.8204484471587709
constant_one,logistic,true,2034,170,0.8213145431016934
constant_one,logistic,true,2034,171,0.7860503706262448
constant_one,logistic,true,2034,172,0.7956227361322862
constant_one,logistic,true,2034,173,0.7868424467708252
constant_one,logistic,true,2034,174,0.7966201628429178
constant_one,logistic,true,2034,175,0.7930989099813963
constant_one,logistic,true,2034,176,0.7922268547703483
constant_one,logistic,true,2034,177,0.7945198749187738
constant_one,logistic,true,2034,178,0.7882823235229874
constant_one,logistic,true,2034,179,0.7657891631940956
constant_one,logistic,true,2034,180,0.7966247606603856
constant_one,logistic,true,2034,181,0.7848906142960093
constant_one,logistic,true,2034,182,0.7766667992715149
constant_one,logistic,true,2034,183,0.7872008820698739
constant_one,logistic,true,2034,184,0.803032380798011
constant_one,logistic,true,2034,185,0.7546667322432541
constant_one,logistic,true,2034,186,0.8016731142194751
constant_one,logistic,true,2034,187,0.7826499909033781
constant_one,logistic,true,2034,188,0.8045271010623207
constant_one,logistic,true,2034,189,0.7820878235636988
constant_one,logistic,true,2034,190,0.8160890975766029
constant_one,logistic,true,2034,191,0.7811706514202538
constant_one,logistic,true,2034,192,0.799989794559604
constant_one,logistic,true,2034,193,0.8131898291949359
constant_one,logistic,true,2034,194,0.7756514918587107
constant_one,logistic,true,2034,195,0.7978702622492941
constant_one,logistic,true,2034,196,0.8015564978877585
constant_one,logistic,true,2034,197,0.7907405965659589
constant_one,logistic,true,2034,198,0.8037235816029134
constant_one,logistic,true,2034,199,0.7605466042931076
constant_one,logistic,true,2034,200,0.7802250453674692
constant_one,logistic,true,2034,201,0.7848993122986522
constant_one,logistic,true,2034,202,0.7950825337589924
constant_one,logistic,true,2034,203,0.7563133870521194
constant_one,logistic,true,2034,204,0.7911159954089562
constant_one,logistic,true,2034,205,0.7952699802105997
constant_one,logistic,true,2034,206,0.8114973386284319
constant_one,logistic,true,2034,207,0.8020979712585896
constant_one,logistic,true,2034,208,0.8115724945544859
constant_one,logistic,true,2034,209,0.8080629042440656
constant_one,logistic,true,2034,210,0.7791579164089882
constant_one,logistic,true,2034,211,0.8011485281045978
constant_one,logistic,true,2034,212,0.7870272821060781
constant_one,logistic,true,2034,213,0.7908546438351034
constant_one,logistic,true,2034,214,0.7656804166779855
constant_one,logistic,true,2034,215,0.7533562806835625
constant_one,logistic,true,2034,216,0.8066709172941441
constant_one,logistic,true,2034,217,0.7922646010168577
constant_one,logistic,true,2034,218,0.7760164394748761
constant_one,logistic,true,2034,219,0.7959036203770493
constant_one,logistic,true,2034,220,0.7650284594006754
constant_one,logistic,true,2034,221,0.8049785016964704
constant_one,logistic,true,2034,222,0.7835758147055715
constant_one,logistic,true,2034,223,0.7836497544951928
constant_one,logistic,true,2034,224,0.7933728492418202
constant_one,logistic,true,2034,225,0.7862168209644392
constant_one,logistic,true,2034,226,0.7630869331463513
constant_one,logistic,true,2034,227,0.7785663277296732
constant_one,logistic,true,2034,228,0.8104045301369815
constant_one,logistic,true,2034,229,0.7880424396296094
constant_one,logistic,true,2034,230,0.7997688631512618
constant_one,logistic,true,2034,231,0.8022445798743529
constant_one,logistic,true,2034,232,0.7931842687973908
constant_one,logistic,true,2034,233,0.7670399955208236
constant_one,logistic,true,2034,234,0.7696098578010996
constant_one,logistic,true,2034,235,0.7929307793386865
constant_one,logistic,true,2034,236,0.811101325676205
constant_one,logistic,true,2034,237,0.8003415762039421
constant_one,logistic,true,2034,238,0.8141114936649226
constant_one,logistic,true,2034,239,0.7984566568977622
constant_one,logistic,true,2034,240,0.7774943692424994
constant_one,logistic,true,2034,241,0.8171386888294127
constant_one,logistic,true,2034,242,0.7642516905001588
constant_one,logistic,true,2034,243,0.7693080755690012
constant_one,logistic,true,2034,244,0.783543908042538
constant_one,logistic,true,2034,245,0.7893654007244815
constant_one,logistic,true,2034,246,0.802035481444046
constant_one,logistic,true,2034,247,0.804599136473638
constant_one,logistic,true,2034,248,0.8125929429955261
constant_one,logistic,true,2034,249,0.8036295171022394
constant_one,logistic,true,2034,250,0.7803264402673876
constant_one,logistic,true,2034,251,0.7851112533478357
constant_one,logistic,true,2034,252,0.8006798255188471
constant_one,logistic,true,2034,253,0.7836138257430941
constant_one,logistic,true,2034,254,0.7868444151813376
constant_one,logistic,true,2034,255,0.8137611691864324
constant_one,logistic,true,2034,256,0.7807963054347536
constant_one,logistic,true,2034,257,0.7882028932989398
constant_one,logistic,true,2034,258,0.8123886888741668
constant_one,logistic,true,2034,259,0.7771813952764217
constant_one,logistic,true,2034,260,0.7733390206767246
constant_one,logistic,true,2034,261,0.8078326464715692
constant_one,logistic,true,2034,262,0.8055770297441921
constant_one,logistic,true,2034,263,0.8018222963864629
constant_one,logistic,true,2034,264,0.800898742063098
constant_one,logistic,true,2034,265,0.7848226098995355
constant_one,logistic,true,2034,266,0.8095811073684256
constant_one,logistic,true,2034,267,0.7963778962008298
constant_one,logistic,true,2034,268,0.7822235119980522
constant_one,logistic,true,2034,269,0.7953316900543562
constant_one,logistic,true,2034,270,0.769899692123795
constant_one,logistic,true,2034,271,0.8022561848420973
constant_one,logistic,true,2034,272,0.7636360965259861
constant_one,logistic,true,2034,273,0.8065881824573838
constant_one,logistic,true,2034,274,0.7973361688168745
constant_one,logistic,true,2034,275,0.7923544977280298
constant_one,logistic,true,2034,276,0.8064969149179106
constant_one,logistic,true,2034,277,0.7922657178362513
constant_one,logistic,true,2034,278,0.7940034741591221
constant_one,logistic,true,2034,279,0.7954225217741513
constant_one,logistic,true,2034,280,0.7955775151933256
constant_one,logistic,true,2034,281,0.7947190826952844
constant_one,logistic,true,2034,282,0.7901527062414683
constant_one,logistic,true,2034,283,0.7867730083604713
constant_one,logistic,true,2034,284,0.7672285466998252
constant_one,logistic,true,2034,285,0.7552229226923994
constant_one,logistic,true,2034,286,0.7891169573601827
constant_one,logistic,true,2034,287,0.8075090585842808
constant_one,logistic,true,2034,288,0.7821353927640361
constant_one,logistic,true,2034,289,0.8008727603212221
constant_one,logistic,true,2034,290,0.8043975207725961
constant_one,logistic,true,2034,291,0.8180886394935638
constant_one,logistic,true,2034,292,0.803208511708721
constant_one,logistic,true,2034,293,0.8008939581292337
constant_one,logistic,true,2034,294,0.7972761859551363
constant_one,logistic,true,2034,295,0.7836451324802737
constant_one,logistic,true,2034,296,0.7811064715346392
constant_one,logistic,true,2034,297,0.7795888131274161
constant_one,logistic,true,2034,298,0.7579172843863289
constant_one,logistic,true,2034,299,0.7882777458409798
constant_one,logistic,true,2034,300,0.7902551143149936
constant_one,logistic,true,2034,301,0.7874269650888112
constant_one,logistic,true,2034,302,0.7702873511495403
constant_one,logistic,true,2034,303,0.8002877792936995
constant_one,logistic,true,2034,304,0.7890674350425669
constant_one,logistic,true,2034,305,0.7971387390832925
constant_one,logistic,true,2034,306,0.812869256023972
constant_one,logistic,true,2034,307,0.7854268911260306
constant_one,logistic,true,2034,308,0.8110401930340315
constant_one,logistic,true,2034,309,0.7930419662599545
constant_one,logistic,true,2034,310,0.7799106073485748
constant_one,logistic,true,2034,311,0.7632392144755582
constant_one,logistic,true,2034,312,0.7995877762473832
constant_one,logistic,true,2034,313,0.8011974856171294
constant_one,logistic,true,2034,314,0.8147168757589379
constant_one,logistic,true,2034,315,0.8040495655984132
constant_one,logistic,true,2034,316,0.7765374827728988
constant_one,logistic,true,2034,317,0.7772500085026947
constant_one,logistic,true,2034,318,0.7807046628688409
constant_one,logistic,true,2034,319,0.7881502406028035
constant_one,logistic,true,2034,320,0.794127642283036
constant_one,logistic,true,2034,321,0.7910741973884571
constant_one,logistic,true,2034,322,0.805521042467473
constant_one,logistic,true,2034,323,0.76686571840672
constant_one,logistic,true,2034,324,0.8140902353790784
constant_one,logistic,true,2034,325,0.7979320411896069
constant_one,logistic,true,2034,326,0.7858997766568697
constant_one,logistic,true,2034,327,0.8005778619986827
constant_one,logistic,true,2034,328,0.7839402903697777
constant_one,logistic,true,2034,329,0.7937552624519431
constant_one,logistic,true,2034,330,0.7983959616798687
constant_one,logistic,true,2034,331,0.7871749652057577
constant_one,logistic,true,2034,332,0.7993310003412682
constant_one,logistic,true,2034,333,0.7874450602015446
constant_one,logistic,true,2034,334,0.7801237148316684
constant_one,logistic,true,2034,335,0.7980228055195254
constant_one,logistic,true,2034,336,0.7870890117573218
constant_one,logistic,true,2034,337,0.7926610479721301
constant_one,logistic,true,2034,338,0.7711212024994563
constant_one,logistic,true,2034,339,0.8055144519154434
constant_one,logistic,true,2034,340,0.8054142303106858
constant_one,logistic,true,2034,341,0.797059632790905
constant_one,logistic,true,2034,342,0.7616193480376026
constant_one,logistic,true,2034,343,0.7761511052984608
constant_one,logistic,true,2034,344,0.7972743338316707
constant_one,logistic,true,2034,345,0.7931794239777197
constant_one,logistic,true,2034,346,0.7937536918960256
constant_one,logistic,true,2034,347,0.8022363337376259
constant_one,logistic,true,2034,348,0.7851441422860179
constant_one,logistic,true,2034,349,0.7905765524529114
constant_one,logistic,true,2034,350,0.7598225566163241
constant_one,logistic,true,2034,351,0.7904830701880899
constant_one,logistic,true,2034,352,0.8002868441507623
constant_one,logistic,true,2034,353,0.7817503612597823
constant_one,logistic,true,2034,354,0.8145140372292049
constant_one,logistic,true,2034,355,0.8048055366049436
constant_one,logistic,true,2034,356,0.8104290230365236
constant_one,logistic,true,2034,357,0.780699651072048
constant_one,logistic,true,2034,358,0.8077777949095091
constant_one,logistic,true,2034,359,0.7928730028566999
constant_one,logistic,true,2034,360,0.7927683639008446
constant_one,logistic,true,2034,361,0.8036976550103386
constant_one,logistic,true,2034,362,0.7860164131315015
constant_one,logistic,true,2034,363,0.791939028211064
constant_one,logistic,true,2034,364,0.7770590543954862
constant_one,logistic,true,2034,365,0.7754225660275476
constant_one,logistic,true,2034,366,0.7943604901565448
constant_one,logistic,true,2034,367,0.7892442363744773
constant_one,logistic,true,2034,368,0.7832636107425881
constant_one,logistic,true,2034,369,0.779672417143446
constant_one,logistic,true,2034,370,0.7987845431808152
constant_one,logistic,true,2034,371,0.7646077956416478
constant_one,logistic,true,2034,372,0.8092959853082314
constant_one,logistic,true,2034,373,0.8095209537567628
constant_one,logistic,true,2034,374,0.8106549858751645
constant_one,logistic,true,2034,375,0.820997683845257
constant_one,logistic,true,2034,376,0.8029802394376037
constant_one,logistic,true,2034,377,0.8170088093123078
constant_one,logistic,true,2034,378,0.7923621047755021
constant_one,logistic,true,2034,379,0.7999007660131069
constant_one,logistic,true,2034,380,0.8030065637655457
constant_one,logistic,true,2034,381,0.7882016272422353
constant_one,logistic,true,2034,382,0.8107679663013443
constant_one,logistic,true,2034,383,0.7878407934460158
constant_one,logistic,true,2034,384,0.7762498488327512
constant_one,logistic,true,2034,385,0.7749557419565486
constant_one,logistic,true,2034,386,0.7972807362897881
constant_one,logistic,true,2034,387,0.7854050138917945
constant_one,logistic,true,2034,388,0.8146852856039756
constant_one,logistic,true,2034,389,0.8181382394653154
constant_one,logistic,true,2034,390,0.7970734410958228
constant_one,logistic,true,2034,391,0.8001184947855016
constant_one,logistic,true,2034,392,0.7813345634748374
constant_one,logistic,true,2034,393,0.8102645925544786
constant_one,logistic,true,2034,394,0.8157215690357477
constant_one,logistic,true,2034,395,0.778245855493297
constant_one,logistic,true,2034,396,0.7813393779891522
constant_one,logistic,true,2034,397,0.774682444903984
constant_one,logistic,true,2034,398,0.8068997540739654
constant_one,logistic,true,2034,399,0.794533517364266
constant_one,logistic,true,2034,400,0.8024845597748906
constant_one,logistic,true,2034,401,0.770893699255801
constant_one,logistic,true,2034,402,0.7923077104799516
constant_one,logistic,true,2034,403,0.774231542190062
constant_one,logistic,true,2034,404,0.7877801201648054
constant_one,logistic,true,2034,405,0.7522486562377151
constant_one,logistic,true,2034,406,0.813031178355772
constant_one,logistic,true,2034,407,0.7969727168339785
constant_one,logistic,true,2034,408,0.8259716583814836
constant_one,logistic,true,2034,409,0.767216551903553
constant_one,logistic,true,2034,410,0.7738688391407563
constant_one,logistic,true,2034,411,0.805476216151645
constant_one,logistic,true,2034,412,0.7867675667611089
constant_one,logistic,true,2034,413,0.7951820390566049
constant_one,logistic,true,2034,414,0.8037709354184679
constant_one,logistic,true,2034,415,0.7985195274982887
constant_one,logistic,true,2034,416,0.7841835300522151
constant_one,logistic,true,2034,417,0.780554174435011
constant_one,logistic,true,2034,418,0.8114573682545634
constant_one,logistic,true,2034,419,0.8058857621608142
constant_one,logistic,true,2034,420,0.7862402206996733
constant_one,logistic,true,2034,421,0.8061994204900522
constant_one,logistic,true,2034,422,0.7996016723897026
constant_one,logistic,true,2034,423,0.7963140757311196
constant_one,logistic,true,2034,424,0.7799860819344777
constant_one,logistic,true,2034,425,0.7804361927562535
constant_one,logistic,true,2034,426,0.7867354602659195
constant_one,logistic,true,2034,427,0.7557494601628602
constant_one,logistic,true,2034,428,0.7659553791138137
constant_one,logistic,true,2034,429,0.7954232626387914
constant_one,logistic,true,2034,430,0.8199315598387188
constant_one,logistic,true,2034,431,0.7812730131612673
constant_one,logistic,true,2034,432,0.7889919815306273
constant_one,logistic,true,2034,433,0.7808683013759231
constant_one,logistic,true,2034,434,0.7815683776284378
constant_one,logistic,true,2034,435,0.77624773645295
constant_one,logistic,true,2034,436,0.7739787383436053
constant_one,logistic,true,2034,437,0.7893701423037424
constant_one,logistic,true,2034,438,0.7783635289434792
constant_one,logistic,true,2034,439,0.8102297397722764
constant_one,logistic,true,2034,440,0.7848978717526048
constant_one,logistic,true,2034,441,0.7903884020048578
constant_one,logistic,true,2034,442,0.7858802587420092
constant_one,logistic,true,2034,443,0.7878604258964368
constant_one,logistic,true,2034,444,0.7802142199637954
constant_one,logistic,true,2034,445,0.8027878392772336
constant_one,logistic,true,2034,446,0.7878571375504272
constant_one,logistic,true,2034,447,0.8045422151523121
constant_one,logistic,true,2034,448,0.7767016662164562
constant_one,logistic,true,2034,449,0.7649184122866777
constant_one,logistic,true,2034,450,0.7760929521084373
constant_one,logistic,true,2034,451,0.7575900313870445
constant_one,logistic,true,2034,452,0.7886562077759067
constant_one,logistic,true,2034,453,0.8011287937348476
constant_one,logistic,true,2034,454,0.8206761840206668
constant_one,logistic,true,2034,455,0.7840002891115085
constant_one,logistic,true,2034,456,0.7852749763705575
constant_one,logistic,true,2034,457,0.8096918704817875
constant_one,logistic,true,2034,458,0.8122111990446439
constant_one,logistic,true,2034,459,0.8010468869471086
constant_one,logistic,true,2034,460,0.7886454816150238
constant_one,logistic,true,2034,461,0.7936620605945611
constant_one,logistic,true,2034,462,0.7763417907204146
constant_one,logistic,true,2034,463,0.7739937281129192
constant_one,logistic,true,2034,464,0.7970394272416558
constant_one,logistic,true,2034,465,0.8131488945341718
constant_one,logistic,true,2034,466,0.7846336187131068
constant_one,logistic,true,2034,467,0.8060885177524624
constant_one,logistic,true,2034,468,0.8090136101187704
constant_one,logistic,true,2034,469,0.7803444215417916
constant_one,logistic,true,2034,470,0.796923868294026
constant_one,logistic,true,2034,471,0.7766719115446287
constant_one,logistic,true,2034,472,0.7724797952535163
constant_one,logistic,true,2034,473,0.778780707882247
constant_one,logistic,true,2034,474,0.8040823741788997
constant_one,logistic,true,2034,475,0.8011017341220857
constant_one,logistic,true,2034,476,0.7761453981286749
constant_one,logistic,true,2034,477,0.7791719685830657
constant_one,logistic,true,2034,478,0.8024666885532385
constant_one,logistic,true,2034,479,0.8001920792401238
constant_one,logistic,true,2034,480,0.7970231403768978
constant_one,logistic,true,2034,481,0.7975440797435699
constant_one,logistic,true,2034,482,0.7867117970499086
constant_one,logistic,true,2034,483,0.806285807240132
constant_one,logistic,true,2034,484,0.7726683234498152
constant_one,logistic,true,2034,485,0.8169569432211431
constant_one,logistic,true,2034,486,0.7833055427911298
constant_one,logistic,true,2034,487,0.7781814782028008
constant_one,logistic,true,2034,488,0.7807562951176767
constant_one,logistic,true,2034,489,0.8110703730532673
constant_one,logistic,true,2034,490,0.8113435314537538
constant_one,logistic,true,2034,491,0.7818524846023754
constant_one,logistic,true,2034,492,0.807246677435078
constant_one,logistic,true,2034,493,0.7945393890477811
constant_one,logistic,true,2034,494,0.8235911636849981
constant_one,logistic,true,2034,495,0.791715452933631
constant_one,logistic,true,2034,496,0.7822684019461879
constant_one,logistic,true,2034,497,0.8071273420810278
constant_one,logistic,true,2034,498,0.7731829442495983
constant_one,logistic,true,2034,499,0.7970975941107599
constant_one,logistic,true,2034,500,0.7719254013547453
constant_one,logistic,true,2034,501,0.8134034759050351
constant_one,logistic,true,2034,502,0.8133876951069147
constant_one,logistic,true,2034,503,0.8096745419323864
constant_one,logistic,true,2034,504,0.8111954541440253
constant_one,logistic,true,2034,505,0.7753243191439124
constant_one,logistic,true,2034,506,0.8062838497776155
constant_one,logistic,true,2034,507,0.7820881843258799
constant_one,logistic,true,2034,508,0.7985463155365364
constant_one,logistic,true,2034,509,0.7979071352837156
constant_one,logistic,true,2034,510,0.7937925460025463
constant_one,logistic,true,2034,511,0.7774329964007968
constant_one,logistic,true,2034,512,0.786027500524211
constant_one,logistic,true,2034,513,0.7792203865289122
constant_one,logistic,true,2034,514,0.7919220369106691
constant_one,logistic,true,2034,515,0.7765918677812833
constant_one,logistic,true,2034,516,0.813495670929249
constant_one,logistic,true,2034,517,0.7772123865672375
constant_one,logistic,true,2034,518,0.7651692687454369
constant_one,logistic,true,2034,519,0.8336862416552672
constant_one,logistic,true,2034,520,0.7783777050402527
constant_one,logistic,true,2034,521,0.8016607470649793
constant_one,logistic,true,2034,522,0.7956153081264997
constant_one,logistic,true,2034,523,0.7565935934431955
constant_one,logistic,true,2034,524,0.7814691670963196
constant_one,logistic,true,2034,525,0.7952309063549872
constant_one,logistic,true,2034,526,0.7820511145805172
constant_one,logistic,true,2034,527,0.8294676683762838
constant_one,logistic,true,2034,528,0.7715583212470486
inv_dist_sq,default,false,2035,2,0.2249243368375965
inv_dist_sq,default,false,2035,3,0.2242685656187876
inv_dist_sq,default,false,2035,4,0.20675108427551317
inv_dist_sq,default,false,2035,5,0.19279165574670581
inv_dist_sq,default,false,2035,6,0.18617635144240754
inv_dist_sq,default,false,2035,7,0.1749833985151846
inv_dist_sq,default,false,2035,8,0.1595959808710452
inv_dist_sq,default,false,2035,9,0.20078212295179085
inv_dist_sq,default,false,2035,10,0.15439081082808964
inv_dist_sq,default,false,2035,11,0.1623655205733726
inv_dist_sq,default,false,2035,12,0.13620774815259015
inv_dist_sq,default,false,2035,13,0.16897873564091995
inv_dist_sq,default,false,2035,14,0.16440603847542243
inv_dist_sq,default,false,2035,15,0.15467702290187982
inv_dist_sq,default,false,2035,16,0.14354220038013096
inv_dist_sq,default,false,2035,17,0.20215681225290089
inv_dist_sq,default,false,2035,18,0.14549882693170924
inv_dist_sq,default,false,2035,19,0.15765367093676086
inv_dist_sq,default,false,2035,20,0.1624396534637229
inv_dist_sq,default,false,2035,21,0.1702847497035117
inv_dist_sq,default,false,2035,22,0.1609774997400852
inv_dist_sq,default,false,2035,23,0.15637511835009893
inv_dist_sq,default,false,2035,24,0.15397412332986726
inv_dist_sq,default,false,2035,25,0.16867316379727523
inv_dist_sq,default,false,2035,26,0.1663046537196064
inv_dist_sq,default,false,2035,27,0.16394237713238283
inv_dist_sq,default,false,2035,28,0.16845435396993477
inv_dist_sq,default,false,2035,29,0.1463928440904904
inv_dist_sq,default,false,2035,30,0.16322214210258784
inv_dist_sq,default,false,2035,31,0.17300681714053057
inv_dist_sq,default,false,2035,32,0.1428179632642532
inv_dist_sq,default,false,2035,33,0.1498879339120708
inv_dist_sq,default,false,2035,34,0.15642480640773235
inv_dist_sq,default,false,2035,35,0.14677617826294553
inv_dist_sq,default,false,2035,36,0.17160410591566577
inv_dist_sq,default,false,2035,37,0.17908728931892268
inv_dist_sq,default,false,2035,38,0.1552808423373151
inv_dist_sq,default,false,2035,39,0.1829666169841005
inv_dist_sq,default,false,2035,40,0.1625154473805236
inv_dist_sq,default,false,2035,41,0.15624505326206475
inv_dist_sq,default,false,2035,42,0.16239048928965708
inv_dist_sq,default,false,2035,43,0.160114939518368
inv_dist_sq,default,false,2035,44,0.165594603395135
inv_dist_sq,default,false,2035,45,0.17128000317411016
inv_dist_sq,default,false,2035,46,0.14508339089193847
inv_dist_sq,default,false,2035,47,0.1743719869221317
inv_dist_sq,default,false,2035,48,0.17976160180013667
inv_dist_sq,default,false,2035,49,0.15768592833748743
inv_dist_sq,default,false,2035,50,0.1752545844045679
inv_dist_sq,default,false,2035,51,0.16613001284787468
inv_dist_sq,default,false,2035,52,0.1564613837159458
inv_dist_sq,default,false,2035,53,0.1710452730357371
inv_dist_sq,default,false,2035,54,0.1766817826381516
inv_dist_sq,default,false,2035,55,0.16945137546646225
inv_dist_sq,default,false,2035,56,0.17371765999200683
inv_dist_sq,default,false,2035,57,0.18237395780278
inv_dist_sq,default,false,2035,58,0.17197851009131215
inv_dist_sq,default,false,2035,59,0.17587446647783295
inv_dist_sq,default,false,2035,60,0.17274818643129677
inv_dist_sq,default,false,2035,61,0.16138880310318449
inv_dist_sq,default,false,2035,62,0.1672995095631155
inv_dist_sq,default,false,2035,63,0.16141517384003676
inv_dist_sq,default,false,2035,64,0.1562293264956244
inv_dist_sq,default,false,2035,65,0.18525449320307535
inv_dist_sq,default,false,2035,66,0.17506308559698452
inv_dist_sq,default,false,2035,67,0.158051836081444
inv_dist_sq,default,false,2035,68,0.148285333157143
inv_dist_sq,default,false,2035,69,0.1575979196210672
inv_dist_sq,default,false,2035,70,0.15277208751627475
inv_dist_sq,default,false,2035,71,0.17496125096317425
inv_dist_sq,default,false,2035,72,0.16085885616443907
inv_dist_sq,default,false,2035,73,0.1508743710273443
inv_dist_sq,default,false,2035,74,0.17439660156758516
inv_dist_sq,default,false,2035,75,0.1505319594654843
inv_dist_sq,default,false,2035,76,0.17417799004904125
inv_dist_sq,default,false,2035,77,0.17126124944822402
inv_dist_sq,default,false,2035,78,0.16000960503692488
inv_dist_sq,default,false,2035,79,0.1632930951570759
inv_dist_sq,default,false,2035,80,0.17986347312086956
inv_dist_sq,default,false,2035,81,0.16149826873793457
inv_dist_sq,default,false,2035,82,0.1748352806844449
inv_dist_sq,default,false,2035,83,0.16854468131395356
inv_dist_sq,default,false,2035,84,0.18368991140756377
inv_dist_sq,default,false,2035,85,0.14176315014898483
inv_dist_sq,default,false,2035,86,0.16198663737397104
inv_dist_sq,default,false,2035,87,0.17164455031861278
inv_dist_sq,default,false,2035,88,0.16993969687355975
inv_dist_sq,default,false,2035,89,0.15503661253872084
inv_dist_sq,default,false,2035,90,0.15437918311387464
inv_dist_sq,default,false,2035,91,0.16350176879664277
inv_dist_sq,default,false,2035,92,0.18297729096167967
inv_dist_sq,default,false,2035,93,0.1726376842625732
inv_dist_sq,default,false,2035,94,0.16677016782832907
inv_dist_sq,default,false,2035,95,0.15257127629678904
inv_dist_sq,default,false,2035,96,0.17175491736488724
inv_dist_sq,default,false,2035,97,0.1491031790444021
inv_dist_sq,default,false,2035,98,0.1851335572800532
inv_dist_sq,default,false,2035,99,0.16320434048553778
inv_dist_sq,default,false,2035,100,0.15873178072104543
inv_dist_sq,default,false,2035,101,0.18227179271669527
inv_dist_sq,default,false,2035,102,0.1605590716251816
inv_dist_sq,default,false,2035,103,0.19258816243460944
inv_dist_sq,default,false,2035,104,0.16026201177764712
inv_dist_sq,default,false,2035,105,0.15721892236069973
inv_dist_sq,default,false,2035,106,0.1881730302567186
inv_dist_sq,default,false,2035,107,0.17895784035464707
inv_dist_sq,default,false,2035,108,0.1707138117892938
inv_dist_sq,default,false,2035,109,0.1622521936258632
inv_dist_sq,default,false,2035,110,0.17645911630700095
inv_dist_sq,default,false,2035,111,0.18676334357276975
inv_dist_sq,default,false,2035,112,0.17026700743712014
inv_dist_sq,default,false,2035,113,0.17507022042123266
inv_dist_sq,default,false,2035,114,0.17996971005585533
inv_dist_sq,default,false,2035,115,0.1596694058199279
inv_dist_sq,default,false,2035,116,0.17506181799601864
inv_dist_sq,default,false,2035,117,0.15583911326276018
inv_dist_sq,default,false,2035,118,0.15409897688227353
inv_dist_sq,default,false,2035,119,0.14560470585120233
inv_dist_sq,default,false,2035,120,0.18606762690805725
inv_dist_sq,default,false,2035,121,0.17245435450566077
inv_dist_sq,default,false,2035,122,0.17678306405946095
inv_dist_sq,default,false,2035,123,0.17487253413618825
inv_dist_sq,default,false,2035,124,0.1550181839956378
inv_dist_sq,default,false,2035,125,0.1427089716061378
inv_dist_sq,default,false,2035,126,0.17321536592254896
inv_dist_sq,default,false,2035,127,0.16951122948089012
inv_dist_sq,default,false,2035,128,0.17524290368529238
inv_dist_sq,default,false,2035,129,0.17104666061453852
inv_dist_sq,default,false,2035,130,0.14880407359917092
inv_dist_sq,default,false,2035,131,0.16149103477552906
inv_dist_sq,default,false,2035,132,0.15676254462265915
inv_dist_sq,default,false,2035,133,0.15245931967966198
inv_dist_sq,default,false,2035,134,0.15511261812162164
inv_dist_sq,default,false,2035,135,0.151421602327408
inv_dist_sq,default,false,2035,136,0.15802799772495096
inv_dist_sq,default,true,2036,2,0.20451680989372695
inv_dist_sq,default,true,2036,3,0.20947797609934157
inv_dist_sq,default,true,2036,4,0.20066093095471432
inv_dist_sq,default,true,2036,5,0.1906020700354139
inv_dist_sq,default,true,2036,6,0.21674594674602507
inv_dist_sq,default,true,2036,7,0.19629496703422433
inv_dist_sq,default,true,2036,8,0.172108213940357
inv_dist_sq,default,true,2036,9,0.17206480577506364
inv_dist_sq,default,true,2036,10,0.20299224331519564
inv_dist_sq,default,true,2036,11,0.1778664876016366
inv_dist_sq,default,true,2036,12,0.20484879846678858
inv_dist_sq,default,true,2036,13,0.17874515087973677
inv_dist_sq,default,true,2036,14,0.1780559761690856
inv_dist_sq,default,true,2036,15,0.16533700153120137
inv_dist_sq,default,true,2036,16,0.15840763996409568
inv_dist_sq,default,true,2036,17,0.15423238061688313
inv_dist_sq,default,true,2036,18,0.18216383121475904
inv_dist_sq,default,true,2036,19,0.16690593951556784
inv_dist_sq,default,true,2036,20,0.17975782892097555
inv_dist_sq,default,true,2036,21,0.18299936625931243
inv_dist_sq,default,true,2036,22,0.18639651976474567
inv_dist_sq,default,true,2036,23,0.18634934876420908
inv_dist_sq,default,true,2036,24,0.1976600337918104
inv_dist_sq,logistic,false,2037,2,0.2977721362310354
inv_dist_sq,logistic,false,2037,3,0.3286504694314135
inv_dist_sq,logistic,false,2037,4,0.24228350575108196
inv_dist_sq,logistic,false,2037,5,0.22088385491535886
inv_dist_sq,logistic,false,2037,6,0.22159236770449858
inv_dist_sq,logistic,false,2037,7,0.20113462935564352
inv_dist_sq,logistic,false,2037,8,0.20150045326063512
inv_dist_sq,logistic,false,2037,9,0.19244093364771647
inv_dist_sq,logistic,false,2037,10,0.159114812366692
inv_dist_sq,logistic,false,2037,11,0.15667395772893267
inv_dist_sq,logistic,false,2037,12,0.15957852189274616
inv_dist_sq,logistic,false,2037,13,0.16048529758925345
inv_dist_sq,logistic,false,2037,14,0.1685132281308498
inv_dist_sq,logistic,false,2037,15,0.1445902546730202
inv_dist_sq,logistic,false,2037,16,0.17181765363400314
inv_dist_sq,logistic,false,2037,17,0.1455590856586391
inv_dist_sq,logistic,false,2037,18,0.15629319787824758
inv_dist_sq,logistic,false,2037,19,0.16306545865455338
inv_dist_sq,logistic,false,2037,20,0.14859465810369082
inv_dist_sq,logistic,false,2037,21,0.1521529762140221
inv_dist_sq,logistic,false,2037,22,0.16038342517693685
inv_dist_sq,logistic,false,2037,23,0.17130472153131565
inv_dist_sq,logistic,false,2037,24,0.15373233733215144
inv_dist_sq,logistic,false,2037,25,0.21041410711469705
inv_dist_sq,logistic,false,2037,26,0.1728173823426022
inv_dist_sq,logistic,false,2037,27,0.15324561483056967
inv_dist_sq,logistic,false,2037,28,0.15793852435437747
inv_dist_sq,logistic,false,2037,29,0.158377861036129
inv_dist_sq,logistic,false,2037,30,0.1577743812561515
inv_dist_sq,logistic,false,2037,31,0.15750492539504016
inv_dist_sq,logistic,false,2037,32,0.14266634528068192
inv_dist_sq,logistic,false,2037,33,0.14497386481796326
inv_dist_sq,logistic,false,2037,34,0.1442459982111357
inv_dist_sq,logistic,false,2037,35,0.17931898570852725
inv_dist_sq,logistic,false,2037,36,0.14227010768229462
inv_dist_sq,logistic,false,2037,37,0.158765385633313
inv_dist_sq,logistic,false,2037,38,0.1598672447614264
inv_dist_sq,logistic,false,2037,39,0.1601003197700257
inv_dist_sq,logistic,false,2037,40,0.16241767170915203
inv_dist_sq,logistic,false,2037,41,0.15037681208483272
inv_dist_sq,logistic,false,2037,42,0.1433896190163456
inv_dist_sq,logistic,false,2037,43,0.1510226020569635
inv_dist_sq,logistic,false,2037,44,0.16609806643657657
inv_dist_sq,logistic,false,2037,45,0.15308509800908474
inv_dist_sq,logistic,false,2037,46,0.1491647042670796
inv_dist_sq,logistic,false,2037,47,0.18745423228998878
inv_dist_sq,logistic,false,2037,48,0.19659449759183398
inv_dist_sq,logistic,false,2037,49,0.1451870097899421
inv_dist_sq,logistic,false,2037,50,0.15631805133905188
inv_dist_sq,logistic,false,2037,51,0.15929087732558742
inv_dist_sq,logistic,false,2037,52,0.1653847592849829
inv_dist_sq,logistic,false,2037,53,0.16900709321927893
inv_dist_sq,logistic,false,2037,54,0.15796072125650096
inv_dist_sq,logistic,false,2037,55,0.16067421745275132
inv_dist_sq,logistic,false,2037,56,0.14985272459845062
inv_dist_sq,logistic,false,2037,57,0.14511144897672323
inv_dist_sq,logistic,false,2037,58,0.1585762676732767
inv_dist_sq,logistic,false,2037,59,0.16018801990709192
inv_dist_sq,logistic,false,2037,60,0.12996645475239482
inv_dist_sq,logistic,false,2037,61,0.1443197061682978
inv_dist_sq,logistic,false,2037,62,0.15768486333329576
inv_dist_sq,logistic,false,2037,63,0.14551484200012932
inv_dist_sq,logistic,false,2037,64,0.15466967854578262
inv_dist_sq,logistic,false,2037,65,0.15298093319413633
inv_dist_sq,logistic,false,2037,66,0.1571104022357957
inv_dist_sq,logistic,false,2037,67,0.16476164807094906
inv_dist_sq,logistic,false,2037,68,0.14367207865027543
inv_dist_sq,logistic,false,2037,69,0.13280426368180007
inv_dist_sq,logistic,false,2037,70,0.14744772810884668
inv_dist_sq,logistic,false,2037,71,0.14488671922592586
inv_dist_sq,logistic,false,2037,72,0.1428607781170299
inv_dist_sq,logistic,false,2037,73,0.1694991171028591
inv_dist_sq,logistic,false,2037,74,0.1572290004900405
inv_dist_sq,logistic,false,2037,75,0.16052350614474178
inv_dist_sq,logistic,false,2037,76,0.14859940090743864
inv_dist_sq,logistic,false,2037,77,0.15111503581119332
inv_dist_sq,logistic,false,2037,78,0.1458167614848978
inv_dist_sq,logistic,false,2037,79,0.16905594185675635
inv_dist_sq,logistic,false,2037,80,0.14102244980150913
inv_dist_sq,logistic,false,2037,81,0.15122005505564629
inv_dist_sq,logistic,false,2037,82,0.13283795968720882
inv_dist_sq,logistic,false,2037,83,0.15273579328175413
inv_dist_sq,logistic,false,2037,84,0.14714081918152497
inv_dist_sq,logistic,false,2037,85,0.14387308711773347
inv_dist_sq,logistic,false,2037,86,0.14844375722636963
inv_dist_sq,logistic,false,2037,87,0.13889609812862422
inv_dist_sq,logistic,false,2037,88,0.15136328200361954
inv_dist_sq,logistic,false,2037,89,0.13822447557966722
inv_dist_sq,logistic,false,2037,90,0.16853667781253456
inv_dist_sq,logistic,false,2037,91,0.15548175039096782
inv_dist_sq,logistic,false,2037,92,0.15217143290795906
inv_dist_sq,logistic,false,2037,93,0.1552884334997728
inv_dist_sq,logistic,false,2037,94,0.14912380882412438
inv_dist_sq,logistic,false,2037,95,0.13972023013729704
inv_dist_sq,logistic,false,2037,96,0.14184136594939825
inv_dist_sq,logistic,false,2037,97,0.15190994087937473
inv_dist_sq,logistic,false,2037,98,0.15042577162634183
inv_dist_sq,logistic,false,2037,99,0.15526992454460228
inv_dist_sq,logistic,false,2037,100,0.1625227480782175
inv_dist_sq,logistic,false,2037,101,0.140666905309972
inv_dist_sq,logistic,false,2037,102,0.13666715570749516
inv_dist_sq,logistic,false,2037,103,0.15892939415879007
inv_dist_sq,logistic,false,2037,104,0.1629541025655936
inv_dist_sq,logistic,false,2037,105,0.8877625736434215
inv_dist_sq,logistic,false,2037,106,1.763881764672676
inv_dist_sq,logistic,false,2037,107,0.17384733603297964
inv_dist_sq,logistic,false,2037,108,0.14868114233670165
inv_dist_sq,logistic,false,2037,109,0.16265811493093812
inv_dist_sq,logistic,false,2037,110,0.1601816512948666
inv_dist_sq,logistic,false,2037,111,0.15393491856681166
inv_dist_sq,logistic,false,2037,112,0.15774659406749691
inv_dist_sq,logistic,false,2037,113,0.2832762916765535
inv_dist_sq,logistic,false,2037,114,0.3538669092737409
inv_dist_sq,logistic,false,2037,115,0.14616509755390963
inv_dist_sq,logistic,false,2037,116,0.15294728556002218
inv_dist_sq,logistic,false,2037,117,0.16021916795988247
inv_dist_sq,logistic,false,2037,118,0.15905914064265536
inv_dist_sq,logistic,false,2037,119,0.14615413292444587
inv_dist_sq,logistic,false,2037,120,0.14576988882453343
inv_dist_sq,logistic,false,2037,121,0.13253810513386333
inv_dist_sq,logistic,false,2037,122,0.14565736855672984
inv_dist_sq,logistic,false,2037,123,0.12859502698234912
inv_dist_sq,logistic,false,2037,124,0.15218229064572616
inv_dist_sq,logistic,false,2037,125,0.1393960616140341
inv_dist_sq,logistic,false,2037,126,0.14647157549425804
inv_dist_sq,logistic,false,2037,127,0.12909443983816674
inv_dist_sq,logistic,false,2037,128,0.146220849426666
inv_dist_sq,logistic,false,2037,129,0.16291617921482224
inv_dist_sq,logistic,false,2037,130,0.14191712745780197
inv_dist_sq,logistic,false,2037,131,0.1556469295250617
inv_dist_sq,logistic,false,2037,132,0.15576885583373268
inv_dist_sq,logistic,false,2037,133,0.1496826024202233
inv_dist_sq,logistic,false,2037,134,0.14891851195318392
inv_dist_sq,logistic,false,2037,135,0.15226632630449038
inv_dist_sq,logistic,false,2037,136,0.14991886505033414
inv_dist_sq,logistic,false,2037,137,0.15880255897224524
inv_dist_sq,logistic,false,2037,138,0.14866911959329945
inv_dist_sq,logistic,false,2037,139,0.14714706738932454
inv_dist_sq,logistic,false,2037,140,0.13570913350277353
inv_dist_sq,logistic,false,2037,141,0.13536451182459414
inv_dist_sq,logistic,false,2037,142,0.1600457498970569
inv_dist_sq,logistic,false,2037,143,0.1503931160080781
inv_dist_sq,logistic,false,2037,144,0.14068483073599583
inv_dist_sq,logistic,false,2037,145,0.15396706131981122
inv_dist_sq,logistic,false,2037,146,0.15324947514486106
inv_dist_sq,logistic,false,2037,147,0.13879450183641784
inv_dist_sq,logistic,false,2037,148,0.16164176552739604
inv_dist_sq,logistic,false,2037,149,0.14137067278671225
inv_dist_sq,logistic,false,2037,150,0.1491169529435318
inv_dist_sq,logistic,false,2037,151,0.1445763397933794
inv_dist_sq,logistic,false,2037,152,0.16379010512773134
inv_dist_sq,logistic,false,2037,153,0.14546455027835534
inv_dist_sq,logistic,false,2037,154,0.15317906100389478
inv_dist_sq,logistic,false,2037,155,0.1653293096498561
inv_dist_sq,logistic,false,2037,156,0.13885592890785003
inv_dist_sq,logistic,false,2037,157,0.1359143004219404
inv_dist_sq,logistic,false,2037,158,0.1522630098558819
inv_dist_sq,logistic,false,2037,159,0.14770835670951296
inv_dist_sq,logistic,false,2037,160,0.16434030293021723
inv_dist_sq,logistic,false,2037,161,0.15169289557684668
inv_dist_sq,logistic,false,2037,162,0.1549266908599598
inv_dist_sq,logistic,false,2037,163,0.15927938288916252
inv_dist_sq,logistic,false,2037,164,0.14081013649676027
inv_dist_sq,logistic,false,2037,165,0.14805669121665127
inv_dist_sq,logistic,false,2037,166,0.15340807824682046
inv_dist_sq,logistic,false,2037,167,0.15329339198026176
inv_dist_sq,logistic,false,2037,168,0.15492965352216148
inv_dist_sq,logistic,false,2037,169,0.14442511743286995
inv_dist_sq,logistic,false,2037,170,0.15815560446260968
inv_dist_sq,logistic,false,2037,171,0.13194903494911606
inv_dist_sq,logistic,false,2037,172,0.16023355304507586
inv_dist_sq,logistic,false,2037,173,0.148895936607253
inv_dist_sq,logistic,false,2037,174,0.15316415858641874
inv_dist_sq,logistic,false,2037,175,0.1726581240061626
inv_dist_sq,logistic,false,2037,176,0.13722975063072235
inv_dist_sq,logistic,false,2037,177,0.14831816293494973
inv_dist_sq,logistic,false,2037,178,0.1469799559493491
inv_dist_sq,logistic,false,2037,179,0.14843552158099174
inv_dist_sq,logistic,false,2037,180,0.17435258991665087
inv_dist_sq,logistic,false,2037,181,0.15207017037977755
inv_dist_sq,logistic,false,2037,182,0.13329236854962978
inv_dist_sq,logistic,false,2037,183,0.1384994596769311
inv_dist_sq,logistic,false,2037,184,0.14356615413589507
inv_dist_sq,logistic,false,2037,185,0.14865301978702042
inv_dist_sq,logistic,false,2037,186,0.15110678266990743
inv_dist_sq,logistic,false,2037,187,0.1408859942418819
inv_dist_sq,logistic,false,2037,188,0.14569854886173336
inv_dist_sq,logistic,false,2037,189,0.17363215116507869
inv_dist_sq,logistic,false,2037,190,0.15274935866184666
inv_dist_sq,logistic,false,2037,191,0.15149759929781362
inv_dist_sq,logistic,false,2037,192,0.13530687519209236
inv_dist_sq,logistic,false,2037,193,0.1359369865700607
inv_dist_sq,logistic,false,2037,194,0.14983323370494017
inv_dist_sq,logistic,false,2037,195,0.1504853559589211
inv_dist_sq,logistic,false,2037,196,0.15284401929304764
inv_dist_sq,logistic,false,2037,197,0.1486908269575319
inv_dist_sq,logistic,false,2037,198,0.1519285748868236
inv_dist_sq,logistic,false,2037,199,0.1650706505224964
inv_dist_sq,logistic,false,2037,200,0.1480516505344859
inv_dist_sq,logistic,false,2037,201,0.14972622939419925
inv_dist_sq,logistic,false,2037,202,0.1576408611802264
inv_dist_sq,logistic,false,2037,203,0.1444866314733249
inv_dist_sq,logistic,false,2037,204,0.15038421161170146
inv_dist_sq,logistic,false,2037,205,0.15004520608036226
inv_dist_sq,logistic,false,2037,206,0.14090965619745557
inv_dist_sq,logistic,false,2037,207,0.1670537057988231
inv_dist_sq,logistic,false,2037,208,0.15096194365884666
inv_dist_sq,logistic,false,2037,209,0.1483502072165657
inv_dist_sq,logistic,false,2037,210,0.1463059642363939
inv_dist_sq,logistic,false,2037,211,0.14024307758046636
inv_dist_sq,logistic,false,2037,212,0.16376056460664368
inv_dist_sq,logistic,false,2037,213,0.14766339421478772
inv_dist_sq,logistic,false,2037,214,0.16353918597296405
inv_dist_sq,logistic,false,2037,215,0.13936385530920548
inv_dist_sq,logistic,false,2037,216,0.14806305637786962
inv_dist_sq,logistic,false,2037,217,0.15337231361322504
inv_dist_sq,logistic,false,2037,218,0.15201637988501734
inv_dist_sq,logistic,false,2037,219,0.15294399548679233
inv_dist_sq,logistic,false,2037,220,0.14477901694878215
inv_dist_sq,logistic,false,2037,221,0.15011869786558138
inv_dist_sq,logistic,false,2037,222,0.1497678680455545
inv_dist_sq,logistic,false,2037,223,0.15389164832604876
inv_dist_sq,logistic,false,2037,224,0.14216718585577487
inv_dist_sq,logistic,false,2037,225,0.15334144688249923
inv_dist_sq,logistic,false,2037,226,0.14751856689049678
inv_dist_sq,logistic,false,2037,227,0.14622804344535945
inv_dist_sq,logistic,false,2037,228,0.1403985109822902
inv_dist_sq,logistic,false,2037,229,0.1440214122117104
inv_dist_sq,logistic,false,2037,230,0.14653682876091048
inv_dist_sq,logistic,false,2037,231,0.13805278602464632
inv_dist_sq,logistic,false,2037,232,0.1507824840564844
inv_dist_sq,logistic,false,2037,233,0.149495888030617
inv_dist_sq,logistic,false,2037,234,0.12917544429027392
inv_dist_sq,logistic,false,2037,235,0.16898833073840783
inv_dist_sq,logistic,false,2037,236,0.1574456862802241
inv_dist_sq,logistic,false,2037,237,0.15861263093918485
inv_dist_sq,logistic,false,2037,238,0.13891481238973122
inv_dist_sq,logistic,false,2037,239,0.15179418780547985
inv_dist_sq,logistic,false,2037,240,0.16733723232909514
inv_dist_sq,logistic,false,2037,241,0.1591722095610606
inv_dist_sq,logistic,false,2037,242,0.1496040456605398
inv_dist_sq,logistic,false,2037,243,0.1591238170704427
inv_dist_sq,logistic,false,2037,244,0.14712487417676276
inv_dist_sq,logistic,false,2037,245,0.13849631262850892
inv_dist_sq,logistic,false,2037,246,0.13356177493681548
inv_dist_sq,logistic,false,2037,247,0.1473627558132127
inv_dist_sq,logistic,false,2037,248,0.1520837350265597
inv_dist_sq,logistic,false,2037,249,0.15294108220781294
inv_dist_sq,logistic,false,2037,250,0.16096108949168664
inv_dist_sq,logistic,false,2037,251,0.14281921588089963
inv_dist_sq,logistic,false,2037,252,0.13943968412644223
inv_dist_sq,logistic,false,2037,253,0.13385100305222358
inv_dist_sq,logistic,false,2037,254,0.159721199871125
inv_dist_sq,logistic,false,2037,255,0.14764217246136682
inv_dist_sq,logistic,false,2037,256,0.15383727391586724
inv_dist_sq,logistic,false,2037,257,0.14645971721973286
inv_dist_sq,logistic,false,2037,258,0.16120714378360823
inv_dist_sq,logistic,false,2037,259,0.1530054509908283
inv_dist_sq,logistic,false,2037,260,0.13411311317063332
inv_dist_sq,logistic,false,2037,261,0.15158547136824302
inv_dist_sq,logistic,false,2037,262,0.1459514836535591
inv_dist_sq,logistic,false,2037,263,0.15569090802882304
inv_dist_sq,logistic,false,2037,264,0.14672318986355137
inv_dist_sq,logistic,false,2037,265,0.16208282821365996
inv_dist_sq,logistic,false,2037,266,0.15559962343172434
inv_dist_sq,logistic,false,2037,267,0.13526422125754997
inv_dist_sq,logistic,false,2037,268,0.14735682102415826
inv_dist_sq,logistic,false,2037,269,0.16494428948023288
inv_dist_sq,logistic,false,2037,270,0.14694548186838935
inv_dist_sq,logistic,false,2037,271,0.15475041447780602
inv_dist_sq,logistic,false,2037,272,0.12912848395534837
inv_dist_sq,logistic,false,2037,273,0.15990883817033538
inv_dist_sq,logistic,false,2037,274,0.15090175177133552
inv_dist_sq,logistic,false,2037,275,0.14705297516077406
inv_dist_sq,logistic,false,2037,276,0.14866632489212755
inv_dist_sq,logistic,false,2037,277,0.13286082147386263
inv_dist_sq,logistic,false,2037,278,0.15482563633386962
inv_dist_sq,logistic,false,2037,279,0.1519465048300299
inv_dist_sq,logistic,false,2037,280,0.15288131020629292
inv_dist_sq,logistic,false,2037,281,0.15621500945079758
inv_dist_sq,logistic,false,2037,282,0.14265792840994837
inv_dist_sq,logistic,false,2037,283,0.1493423800509995
inv_dist_sq,logistic,false,2037,284,0.14094067615750677
inv_dist_sq,logistic,false,2037,285,0.1493855625897075
inv_dist_sq,logistic,false,2037,286,0.14135811878221535
inv_dist_sq,logistic,false,2037,287,0.1410083833760635
inv_dist_sq,logistic,false,2037,288,0.1470459615944643
inv_dist_sq,logistic,false,2037,289,0.15014501609476133
inv_dist_sq,logistic,false,2037,290,0.1578168195920766
inv_dist_sq,logistic,false,2037,291,0.1628900816512303
inv_dist_sq,logistic,false,2037,292,0.13857661180631992
inv_dist_sq,logistic,false,2037,293,0.15536680762193725
inv_dist_sq,logistic,false,2037,294,0.14908305909874373
inv_dist_sq,logistic,false,2037,295,0.1349948355771161
inv_dist_sq,logistic,false,2037,296,0.14913756745633916
inv_dist_sq,logistic,false,2037,297,0.14439476654103142
inv_dist_sq,logistic,false,2037,298,0.16201271776932544
inv_dist_sq,logistic,false,2037,299,0.1508096032215517
inv_dist_sq,logistic,false,2037,300,0.14509878811668617
inv_dist_sq,logistic,false,2037,301,0.14800867418985986
inv_dist_sq,logistic,false,2037,302,0.1570373502835943
inv_dist_sq,logistic,false,2037,303,0.1609895622778532
inv_dist_sq,logistic,false,2037,304,0.1642241877395472
inv_dist_sq,logistic,false,2037,305,0.15308728299521746
inv_dist_sq,logistic,false,2037,306,0.14981158846903708
inv_dist_sq,logistic,false,2037,307,0.1577175609462165
inv_dist_sq,logistic,false,2037,308,0.14522958034098024
inv_dist_sq,logistic,false,2037,309,0.13624355892086296
inv_dist_sq,logistic,false,2037,310,0.1393546487046547
inv_dist_sq,logistic,false,2037,311,0.1497747931163458
inv_dist_sq,logistic,false,2037,312,0.15538158062092383
inv_dist_sq,logistic,false,2037,313,0.15060696168752433
inv_dist_sq,logistic,false,2037,314,0.13956519432190914
inv_dist_sq,logistic,false,2037,315,0.16095056411873196
inv_dist_sq,logistic,false,2037,316,0.14782196920767535
inv_dist_sq,logistic,false,2037,317,0.1341802362390094
inv_dist_sq,logistic,false,2037,318,0.1616615012626109
inv_dist_sq,logistic,false,2037,319,0.13621068003531
inv_dist_sq,logistic,false,2037,320,0.15694236638137832
inv_dist_sq,logistic,false,2037,321,0.1496609212610365
inv_dist_sq,logistic,false,2037,322,0.15632466242950052
inv_dist_sq,logistic,false,2037,323,0.1451298270966252
inv_dist_sq,logistic,false,2037,324,0.1545919600607153
inv_dist_sq,logistic,false,2037,325,0.14749374999520873
inv_dist_sq,logistic,false,2037,326,0.1333191073521117
inv_dist_sq,logistic,false,2037,327,0.16293694500776099
inv_dist_sq,logistic,false,2037,328,0.1546160822547795
inv_dist_sq,logistic,false,2037,329,0.14463912586580469
inv_dist_sq,logistic,false,2037,330,0.14787691945060757
inv_dist_sq,logistic,false,2037,331,0.15946121204091826
inv_dist_sq,logistic,false,2037,332,0.14524407608781334
inv_dist_sq,logistic,false,2037,333,0.15198389359818573
inv_dist_sq,logistic,false,2037,334,0.151897084345255
inv_dist_sq,logistic,false,2037,335,0.14191422849553176
inv_dist_sq,logistic,false,2037,336,0.15338226328395752
inv_dist_sq,logistic,false,2037,337,0.1639697169342944
inv_dist_sq,logistic,false,2037,338,0.1428933869859805
inv_dist_sq,logistic,false,2037,339,0.14753571754706346
inv_dist_sq,logistic,false,2037,340,0.1604566969199653
inv_dist_sq,logistic,false,2037,341,0.14890840125351795
inv_dist_sq,logistic,false,2037,342,0.14163983248734344
inv_dist_sq,logistic,false,2037,343,0.15180907735179608
inv_dist_sq,logistic,false,2037,344,0.14124673825328388
inv_dist_sq,logistic,false,2037,345,0.15515101065238715
inv_dist_sq,logistic,false,2037,346,0.14578737528858698
inv_dist_sq,logistic,false,2037,347,0.14084626271145412
inv_dist_sq,logistic,false,2037,348,0.14124983918979545
inv_dist_sq,logistic,false,2037,349,0.16754015123791816
inv_dist_sq,logistic,false,2037,350,0.14659717203655975
inv_dist_sq,logistic,false,2037,351,0.1408892773582053
inv_dist_sq,logistic,false,2037,352,0.14130196876865275
inv_dist_sq,logistic,false,2037,353,0.14675748921467557
inv_dist_sq,logistic,false,2037,354,0.15778918477925324
inv_dist_sq,logistic,false,2037,355,0.1429956409999965
inv_dist_sq,logistic,false,2037,356,0.14749383249948658
inv_dist_sq,logistic,false,2037,357,0.13264440826333707
inv_dist_sq,logistic,false,2037,358,0.15799966436205506
inv_dist_sq,logistic,false,2037,359,0.1515304016217255
inv_dist_sq,logistic,false,2037,360,0.15475901904045708
inv_dist_sq,logistic,false,2037,361,0.14622764289157944
inv_dist_sq,logistic,false,2037,362,0.1550098571482168
inv_dist_sq,logistic,false,2037,363,0.16070617223642658
inv_dist_sq,logistic,false,2037,364,0.15500800619161162
inv_dist_sq,logistic,false,2037,365,0.14622813073067006
inv_dist_sq,logistic,false,2037,366,0.15044971606580687
inv_dist_sq,logistic,false,2037,367,0.14311771039885576
inv_dist_sq,logistic,false,2037,368,0.15263404630028324
inv_dist_sq,logistic,false,2037,369,0.1529748713256925
inv_dist_sq,logistic,false,2037,370,0.15369055766817247
inv_dist_sq,logistic,false,2037,371,0.1625763964057367
inv_dist_sq,logistic,false,2037,372,0.1604412964837643
inv_dist_sq,logistic,false,2037,373,0.14935698159579
inv_dist_sq,logistic,false,2037,374,0.13784238075810235
inv_dist_sq,logistic,false,2037,375,0.17130687067608488
inv_dist_sq,logistic,false,2037,376,0.14583142098927201
inv_dist_sq,logistic,false,2037,377,0.14412860329111124
inv_dist_sq,logistic,false,2037,378,0.14911106891586187
inv_dist_sq,logistic,false,2037,379,0.16253191628256503
inv_dist_sq,logistic,false,2037,380,0.14252816445349456
inv_dist_sq,logistic,false,2037,381,0.1591343598172861
inv_dist_sq,logistic,false,2037,382,0.15425438845830977
inv_dist_sq,logistic,false,2037,383,0.15116130255952906
inv_dist_sq,logistic,false,2037,384,0.15533312449881687
inv_dist_sq,logistic,false,2037,385,0.14839849941118047
inv_dist_sq,logistic,false,2037,386,0.16304915204436052
inv_dist_sq,logistic,false,2037,387,0.16189667211547892
inv_dist_sq,logistic,false,2037,388,0.1504009980609909
inv_dist_sq,logistic,false,2037,389,0.1327242480010096
inv_dist_sq,logistic,false,2037,390,0.14825082934512493
inv_dist_sq,logistic,false,2037,391,0.14296703202515312
inv_dist_sq,logistic,false,2037,392,0.14892023189335166
inv_dist_sq,logistic,false,2037,393,0.13778302241048063
inv_dist_sq,logistic,false,2037,394,0.15892346087144407
inv_dist_sq,logistic,false,2037,395,0.14345898657433484
inv_dist_sq,logistic,false,2037,396,0.14810724883186882
inv_dist_sq,logistic,false,2037,397,0.14027052971635798
inv_dist_sq,logistic,false,2037,398,0.15848649701799675
inv_dist_sq,logistic,false,2037,399,0.14064527617851375
inv_dist_sq,logistic,false,2037,400,0.1363623477391454
inv_dist_sq,logistic,false,2037,401,0.15789715373877386
inv_dist_sq,logistic,false,2037,402,0.15096868093449323
inv_dist_sq,logistic,false,2037,403,0.166493402781533
inv_dist_sq,logistic,false,2037,404,0.15218032615517915
inv_dist_sq,logistic,true,2038,2,0.2791441516551842
inv_dist_sq,logistic,true,2038,3,0.24214417406540695
inv_dist_sq,logistic,true,2038,4,0.24020437462578043
inv_dist_sq,logistic,true,2038,5,0.21655678669768452
inv_dist_sq,logistic,true,2038,6,0.17872162408038297
inv_dist_sq,logistic,true,2038,7,0.15898741629727595
inv_dist_sq,logistic,true,2038,8,0.17890374077337987
inv_dist_sq,logistic,true,2038,9,0.16053333310791912
inv_dist_sq,logistic,true,2038,10,0.17642343223916349
inv_dist_sq,logistic,true,2038,11,0.16744656307272832
inv_dist_sq,logistic,true,2038,12,0.14742202637856042
inv_dist_sq,logistic,true,2038,13,0.155027844512798
inv_dist_sq,logistic,true,2038,14,0.14242631720964583
inv_dist_sq,logistic,true,2038,15,0.16129088276227888
inv_dist_sq,logistic,true,2038,16,0.14540076664292767
inv_dist_sq,logistic,true,2038,17,0.150710634709147
inv_dist_sq,logistic,true,2038,18,0.15239388626703793
inv_dist_sq,logistic,true,2038,19,0.1478835683873576
inv_dist_sq,logistic,true,2038,20,0.14531804315116598
inv_dist_sq,logistic,true,2038,21,0.15501585986797928
inv_dist_sq,logistic,true,2038,22,0.14618204437483973
inv_dist_sq,logistic,true,2038,23,0.15470372789801146
inv_dist_sq,logistic,true,2038,24,0.16237684536207128
inv_dist_sq,logistic,true,2038,25,0.22206145629465618
inv_dist_sq,logistic,true,2038,26,0.20639608140671942
inv_dist_sq,logistic,true,2038,27,0.13483665598357553
inv_dist_sq,logistic,true,2038,28,0.14944676277016936
inv_dist_sq,logistic,true,2038,29,0.14420242962290053
inv_dist_sq,logistic,true,2038,30,0.14474644308701015
inv_dist_sq,logistic,true,2038,31,0.15304727853222988
inv_dist_sq,logistic,true,2038,32,0.17119312671840084
inv_dist_sq,logistic,true,2038,33,0.15661573358595063
inv_dist_sq,logistic,true,2038,34,0.16017988572720404
inv_dist_sq,logistic,true,2038,35,0.14997832145579068
inv_dist_sq,logistic,true,2038,36,0.15863788318144248
inv_dist_sq,logistic,true,2038,37,0.13979633340131592
inv_dist_sq,logistic,true,2038,38,0.13992645438410373
inv_dist_sq,logistic,true,2038,39,0.13492129854687715
inv_dist_sq,logistic,true,2038,40,0.14909481014456502
inv_dist_sq,logistic,true,2038,41,0.1692501038737663
inv_dist_sq,logistic,true,2038,42,0.15955892277842615
inv_dist_sq,logistic,true,2038,43,0.15314281458401485
inv_dist_sq,logistic,true,2038,44,0.15779974549270184
inv_dist_sq,logistic,true,2038,45,0.14298887679395567
inv_dist_sq,logistic,true,2038,46,0.15001505673960203
inv_dist_sq,logistic,true,2038,47,0.1506965213847944
inv_dist_sq,logistic,true,2038,48,0.1464554488860905
inv_dist_sq,logistic,true,2038,49,0.14748040805430518
inv_dist_sq,logistic,true,2038,50,0.1729786647537577
inv_dist_sq,logistic,true,2038,51,0.13729433377128716
inv_dist_sq,logistic,true,2038,52,0.15056129923137881
inv_dist_sq,logistic,true,2038,53,0.14552850252878244
inv_dist_sq,logistic,true,2038,54,0.14888923218152175
inv_dist_sq,logistic,true,2038,55,0.1577132558291867
inv_dist_sq,logistic,true,2038,56,0.15268569313259348
inv_dist_sq,logistic,true,2038,57,0.13823613556494002
inv_dist_sq,logistic,true,2038,58,0.1467812822545918
inv_dist_sq,logistic,true,2038,59,0.16052029343008897
inv_dist_sq,logistic,true,2038,60,0.1604477825948647
inv_dist_sq,logistic,true,2038,61,0.14365356876307914
inv_dist_sq,logistic,true,2038,62,0.13887074621297615
inv_dist_sq,logistic,true,2038,63,0.14541812145097846
inv_dist_sq,logistic,true,2038,64,0.14566875996220616
inv_dist_sq,logistic,true,2038,65,0.1388874841145078
inv_dist_sq,logistic,true,2038,66,0.15366855830038323
inv_dist_sq,logistic,true,2038,67,0.16660818452394716
inv_dist_sq,logistic,true,2038,68,0.13693398424248954
inv_dist_sq,logistic,true,2038,69,0.15147657429609698
inv_dist_sq,logistic,true,2038,70,0.15094753192190477
inv_dist_sq,logistic,true,2038,71,0.1565786279735157
inv_dist_sq,logistic,true,2038,72,0.14539268098507047
inv_dist_sq,logistic,true,2038,73,0.14310486990812937
inv_dist_sq,logistic,true,2038,74,0.161972295576672
inv_dist_sq,logistic,true,2038,75,0.1522994691345798
inv_dist_sq,logistic,true,2038,76,0.14566724140074705
inv_dist_sq,logistic,true,2038,77,0.14907773863531254
inv_dist_sq,logistic,true,2038,78,0.13512153911753683
inv_dist_sq,logistic,true,2038,79,0.15182161335089003
inv_dist_sq,logistic,true,2038,80,0.14720193070061474
inv_dist_sq,logistic,true,2038,81,0.14535263292511305
inv_dist_sq,logistic,true,2038,82,0.15137973240030161
inv_dist_sq,logistic,true,2038,83,0.1363335313063355
inv_dist_sq,logistic,true,2038,84,0.13830538481781637
inv_dist_sq,logistic,true,2038,85,0.1649085620661418
inv_dist_sq,logistic,true,2038,86,0.1490177917141136
inv_dist_sq,logistic,true,2038,87,0.1584622161389877
inv_dist_sq,logistic,true,2038,88,0.15136103226931374
inv_dist_sq,logistic,true,2038,89,0.14031801928666301
inv_dist_sq,logistic,true,2038,90,0.1371598523285692
inv_dist_sq,logistic,true,2038,91,0.1586701807679301
inv_dist_sq,logistic,true,2038,92,0.13990551417710412
inv_dist_sq,logistic,true,2038,93,0.13944795175643948
inv_dist_sq,logistic,true,2038,94,0.14545224471205723
inv_dist_sq,logistic,true,2038,95,0.14416420098587657
inv_dist_sq,logistic,true,2038,96,0.1311718912577052
inv_dist_sq,logistic,true,2038,97,0.22626631926565194
inv_dist_sq,logistic,true,2038,98,0.2343327910443116
inv_dist_sq,logistic,true,2038,99,0.157374273655903
inv_dist_sq,logistic,true,2038,100,0.13616331783604343
inv_dist_sq,logistic,true,2038,101,0.14914000643556635
inv_dist_sq,logistic,true,2038,102,0.140338612213972
inv_dist_sq,logistic,true,2038,103,0.13520545637526132
inv_dist_sq,logistic,true,2038,104,0.15545484042109498
inv_dist_sq,logistic,true,2038,105,0.14010204313616595
inv_dist_sq,logistic,true,2038,106,0.15727085527167403
inv_dist_sq,logistic,true,2038,107,0.14685536019583167
inv_dist_sq,logistic,true,2038,108,0.1596399806571195
inv_dist_sq,logistic,true,2038,109,0.1527317451655858
inv_dist_sq,logistic,true,2038,110,0.14758128114716235
inv_dist_sq,logistic,true,2038,111,0.1525727974058419
inv_dist_sq,logistic,true,2038,112,0.16002327670432545
inv_dist_sq,logistic,true,2038,113,0.15026788005327704
inv_dist_sq,logistic,true,2038,114,0.15069995780133155
inv_dist_sq,logistic,true,2038,115,0.15539243170090952
inv_dist_sq,logistic,true,2038,116,0.14747683151353416
inv_dist_sq,logistic,true,2038,117,0.1488037651067955
inv_dist_sq,logistic,true,2038,118,0.15485412929627768
inv_dist_sq,logistic,true,2038,119,0.14713547889550346
inv_dist_sq,logistic,true,2038,120,0.14828415444647858
inv_dist_sq,logistic,true,2038,121,0.1554790856495529
inv_dist_sq,logistic,true,2038,122,0.16319504243953736
inv_dist_sq,logistic,true,2038,123,0.15441313980745433
inv_dist_sq,logistic,true,2038,124,0.14931106550948134
inv_dist_sq,logistic,true,2038,125,0.15334949540017276
inv_dist_sq,logistic,true,2038,126,0.13735667746727018
inv_dist_sq,logistic,true,2038,127,0.14561952817850352
inv_dist_sq,logistic,true,2038,128,0.15678544142320477
inv_dist_sq,logistic,true,2038,129,0.13455166264298732
inv_dist_sq,logistic,true,2038,130,0.15416396406431307
inv_dist_sq,logistic,true,2038,131,0.15445029824484674
inv_dist_sq,logistic,true,2038,132,0.17180454955420463
inv_dist_sq,logistic,true,2038,133,0.14590049927338272
inv_dist_sq,logistic,true,2038,134,0.14975003723005959
inv_dist_sq,logistic,true,2038,135,0.15226705664150064
inv_dist_sq,logistic,true,2038,136,0.14113927884796432
inv_dist_sq,logistic,true,2038,137,0.1456850030828316
inv_dist_sq,logistic,true,2038,138,0.153488383204568
inv_dist_sq,logistic,true,2038,139,0.156606711595247
inv_dist_sq,logistic,true,2038,140,0.1451815830897359
inv_dist_sq,logistic,true,2038,141,0.1646594357241729
inv_dist_sq,logistic,true,2038,142,0.1614827251096636
inv_dist_sq,logistic,true,2038,143,0.1530352923263773
inv_dist_sq,logistic,true,2038,144,0.14990121310881818
inv_dist_sq,logistic,true,2038,145,0.15333385321178117
inv_dist_sq,logistic,true,2038,146,0.14294975689113656
inv_dist_sq,logistic,true,2038,147,0.13855152637038454
inv_dist_sq,logistic,true,2038,148,0.14801757431164983
inv_dist_sq,logistic,true,2038,149,0.14385363854445066
inv_dist_sq,logistic,true,2038,150,0.14614394428537045
inv_dist_sq,logistic,true,2038,151,0.14348383808539814
inv_dist_sq,logistic,true,2038,152,0.1410500438032
inv_dist_sq,logistic,true,2038,153,0.14226614398009826
inv_dist_sq,logistic,true,2038,154,0.15245279965380848
inv_dist_sq,logistic,true,2038,155,0.16340772990061825
inv_dist_sq,logistic,true,2038,156,0.15475754720272983
inv_dist_sq,logistic,true,2038,157,0.14690834940451272
inv_dist_sq,logistic,true,2038,158,0.15629334835524616
inv_dist_sq,logistic,true,2038,159,0.1442012818794169
inv_dist_sq,logistic,true,2038,160,0.16145861073948004
inv_dist_sq,logistic,true,2038,161,0.13996597582439993
inv_dist_sq,logistic,true,2038,162,0.14822242711874725
inv_dist_sq,logistic,true,2038,163,0.15070590905543652
inv_dist_sq,logistic,true,2038,164,0.16450966635366385
inv_dist_sq,logistic,true,2038,165,0.13647242514738264
inv_dist_sq,logistic,true,2038,166,0.14243674647753776
inv_dist_sq,logistic,true,2038,167,0.13616268458802946
inv_dist_sq,logistic,true,2038,168,0.14573552300746803
inv_dist_sq,logistic,true,2038,169,0.14492702671973762
inv_dist_sq,logistic,true,2038,170,0.14461179892974674
inv_dist_sq,logistic,true,2038,171,0.15623189766324097
inv_dist_sq,logistic,true,2038,172,0.13999023171465325
inv_dist_sq,logistic,true,2038,173,0.1567193939112533
inv_dist_sq,logistic,true,2038,174,0.15759344384294993
inv_dist_sq,logistic,true,2038,175,0.13076042556956724
inv_dist_sq,logistic,true,2038,176,0.1586418290216816
inv_dist_sq,logistic,true,2038,177,0.14854091605030073
inv_dist_sq,logistic,true,2038,178,0.14595008756034442
inv_dist_sq,logistic,true,2038,179,0.1355090469427613
inv_dist_sq,logistic,true,2038,180,0.157424176148963
inv_dist_sq,logistic,true,2038,181,0.15027270547890145
inv_dist_sq,logistic,true,2038,182,0.15199353100873036
inv_dist_sq,logistic,true,2038,183,0.16355893588558407
inv_dist_sq,logistic,true,2038,184,0.1493693179548846
inv_dist_sq,logistic,true,2038,185,0.13548192343643867
inv_dist_sq,logistic,true,2038,186,0.1689644358630875
inv_dist_sq,logistic,true,2038,187,0.1421775223143267
inv_dist_sq,logistic,true,2038,188,0.14979128874684056
inv_dist_sq,logistic,true,2038,189,0.13310532777036294
inv_dist_sq,logistic,true,2038,190,0.1557138605062664
inv_dist_sq,logistic,true,2038,191,0.15024978315138807
inv_dist_sq,logistic,true,2038,192,0.14440332539262657
inv_dist_sq,logistic,true,2038,193,0.14920150221378192
inv_dist_sq,logistic,true,2038,194,0.1741373404217887
inv_dist_sq,logistic,true,2038,195,0.1397624315278348
inv_dist_sq,logistic,true,2038,196,0.15719024292095668
inv_dist_sq,logistic,true,2038,197,0.14406311633707725
inv_dist_sq,logistic,true,2038,198,0.15340690993344366
inv_dist_sq,logistic,true,2038,199,0.1482989057357447
inv_dist_sq,logistic,true,2038,200,0.14422177535125194
inv_dist_sq,logistic,true,2038,201,0.14571491436283857
inv_dist_sq,logistic,true,2038,202,0.16179307369748547
inv_dist_sq,logistic,true,2038,203,0.1498434971604266
inv_dist_sq,logistic,true,2038,204,0.14370984889244448
inv_dist_sq,logistic,true,2038,205,0.1557957466934606
inv_dist_sq,logistic,true,2038,206,0.15258586975193322
inv_dist_sq,logistic,true,2038,207,0.14668841313571618
inv_dist_sq,logistic,true,2038,208,0.14205398869687816
scaled_inv_dist_sq,default,false,2039,2,5770.385292920189
scaled_inv_dist_sq,default,false,2039,3,9592.53316368255
scaled_inv_dist_sq,default,false,2039,4,5560.744812000026
scaled_inv_dist_sq,default,false,2039,5,5044.607097393136
scaled_inv_dist_sq,default,false,2039,6,5336.927309744153
scaled_inv_dist_sq,default,false,2039,7,4361.825193225925
scaled_inv_dist_sq,default,false,2039,8,4921.90522062555
scaled_inv_dist_sq,default,false,2039,9,4702.894567628565
scaled_inv_dist_sq,default,false,2039,10,4337.9665181046985
scaled_inv_dist_sq,default,false,2039,11,4996.681578189139
scaled_inv_dist_sq,default,false,2039,12,4687.416461828936
scaled_inv_dist_sq,default,false,2039,13,3970.7130933519766
scaled_inv_dist_sq,default,false,2039,14,2765.4713961572265
scaled_inv_dist_sq,default,false,2039,15,4193.847472151585
scaled_inv_dist_sq,default,false,2039,16,3114.522141254243
scaled_inv_dist_sq,default,false,2039,17,2622.19255091563
scaled_inv_dist_sq,default,false,2039,18,2647.56593014408
scaled_inv_dist_sq,default,false,2039,19,2657.4832820763386
scaled_inv_dist_sq,default,false,2039,20,2680.9513372979304
scaled_inv_dist_sq,default,false,2039,21,2833.7647093955684
scaled_inv_dist_sq,default,false,2039,22,3221.898436330907
scaled_inv_dist_sq,default,false,2039,23,2489.948882504715
scaled_inv_dist_sq,default,false,2039,24,2934.687126799875
scaled_inv_dist_sq,default,false,2039,25,2141.8541950917315
scaled_inv_dist_sq,default,false,2039,26,1902.5074803059756
scaled_inv_dist_sq,default,false,2039,27,26061.240190062123
scaled_inv_dist_sq,default,false,2039,28,49169.832863736236
scaled_inv_dist_sq,default,false,2039,29,2337.146624374751
scaled_inv_dist_sq,default,false,2039,30,2836.2705717978524
scaled_inv_dist_sq,default,false,2039,31,3091.5206112666106
scaled_inv_dist_sq,default,false,2039,32,2797.8622195292237
scaled_inv_dist_sq,default,false,2039,33,1879.5277685036774
scaled_inv_dist_sq,default,false,2039,34,2328.4567885460324
scaled_inv_dist_sq,default,false,2039,35,1986.636845303541
scaled_inv_dist_sq,default,false,2039,36,2624.4596408034304
scaled_inv_dist_sq,default,false,2039,37,2065.388713925505
scaled_inv_dist_sq,default,false,2039,38,2115.4728467065033
scaled_inv_dist_sq,default,false,2039,39,2079.5497112237854
scaled_inv_dist_sq,default,false,2039,40,2107.589653853535
scaled_inv_dist_sq,default,false,2039,41,2346.2082514256044
scaled_inv_dist_sq,default,false,2039,42,2135.083935663143
scaled_inv_dist_sq,default,false,2039,43,1777.7076486357878
scaled_inv_dist_sq,default,false,2039,44,1762.151855385428
scaled_inv_dist_sq,default,false,2039,45,1905.1786795118953
scaled_inv_dist_sq,default,false,2039,46,1908.293556572756
scaled_inv_dist_sq,default,true,2040,2,3746.2849157866567
scaled_inv_dist_sq,default,true,2040,3,3399.4884859600456
scaled_inv_dist_sq,default,true,2040,4,3024.6013127835395
scaled_inv_dist_sq,default,true,2040,5,3427.4315395576305
scaled_inv_dist_sq,default,true,2040,6,3477.113177494063
scaled_inv_dist_sq,default,true,2040,7,3453.7841733468913
scaled_inv_dist_sq,default,true,2040,8,2979.4822545077695
scaled_inv_dist_sq,default,true,2040,9,2825.46336166277
scaled_inv_dist_sq,default,true,2040,10,2590.5386079465293
scaled_inv_dist_sq,default,true,2040,11,3104.5874459798315
scaled_inv_dist_sq,default,true,2040,12,3017.278921311551
scaled_inv_dist_sq,default,true,2040,13,2890.57544983772
scaled_inv_dist_sq,default,true,2040,14,2242.0820522512167
scaled_inv_dist_sq,default,true,2040,15,2257.1005820651667
scaled_inv_dist_sq,default,true,2040,16,2839.394711428554
scaled_inv_dist_sq,default,true,2040,17,2311.0216959457966
scaled_inv_dist_sq,default,true,2040,18,2196.5243653367124
scaled_inv_dist_sq,default,true,2040,19,2630.798584723276
scaled_inv_dist_sq,default,true,2040,20,2470.279597802213
scaled_inv_dist_sq,default,true,2040,21,2531.777504473066
scaled_inv_dist_sq,default,true,2040,22,2628.727989156583
scaled_inv_dist_sq,default,true,2040,23,2303.1662531193588
scaled_inv_dist_sq,default,true,2040,24,2640.8896254887163
scaled_inv_dist_sq,default,true,2040,25,2128.6399947823766
scaled_inv_dist_sq,default,true,2040,26,2330.3861345875493
scaled_inv_dist_sq,logistic,false,2041,2,2310.8007295527327
scaled_inv_dist_sq,logistic,false,2041,3,3239.160442321643
scaled_inv_dist_sq,logistic,false,2041,4,2495.863932320002
scaled_inv_dist_sq,logistic,false,2041,5,2364.353336795212
scaled_inv_dist_sq,logistic,false,2041,6,2386.9411243312748
scaled_inv_dist_sq,logistic,false,2041,7,1911.5483462022578
scaled_inv_dist_sq,logistic,false,2041,8,1972.7508693625211
scaled_inv_dist_sq,logistic,false,2041,9,1931.7723145074383
scaled_inv_dist_sq,logistic,false,2041,10,2065.0020931008826
scaled_inv_dist_sq,logistic,false,2041,11,1618.63997677777
scaled_inv_dist_sq,logistic,false,2041,12,1828.0422354165353
scaled_inv_dist_sq,logistic,false,2041,13,1656.222599845389
scaled_inv_dist_sq,logistic,false,2041,14,1953.4498407125297
scaled_inv_dist_sq,logistic,false,2041,15,1571.8501397453729
scaled_inv_dist_sq,logistic,false,2041,16,1670.784963378339
scaled_inv_dist_sq,logistic,false,2041,17,1741.5957939209095
scaled_inv_dist_sq,logistic,false,2041,18,1576.8465458588128
scaled_inv_dist_sq,logistic,false,2041,19,1624.757951246243
scaled_inv_dist_sq,logistic,false,2041,20,1503.727876544318
scaled_inv_dist_sq,logistic,false,2041,21,1521.9301122794925
scaled_inv_dist_sq,logistic,false,2041,22,1408.5077612318364
scaled_inv_dist_sq,logistic,false,2041,23,1544.4479732078987
scaled_inv_dist_sq,logistic,false,2041,24,1553.149366512541
scaled_inv_dist_sq,logistic,false,2041,25,4.429202201458931e6
scaled_inv_dist_sq,logistic,false,2041,26,340588.90330778406
scaled_inv_dist_sq,logistic,false,2041,27,98850.42764004692
scaled_inv_dist_sq,logistic,false,2041,28,98822.52775279433
scaled_inv_dist_sq,logistic,false,2041,29,44723.271096208715
scaled_inv_dist_sq,logistic,false,2041,30,29535.638543289482
scaled_inv_dist_sq,logistic,false,2041,31,4503.430587624669
scaled_inv_dist_sq,logistic,false,2041,32,6505.00747402576
scaled_inv_dist_sq,logistic,false,2041,33,1484.7039829040598
scaled_inv_dist_sq,logistic,false,2041,34,1396.2615429319324
scaled_inv_dist_sq,logistic,false,2041,35,1664.1569721412682
scaled_inv_dist_sq,logistic,false,2041,36,1821.1181039843088
scaled_inv_dist_sq,logistic,false,2041,37,107655.60450287792
scaled_inv_dist_sq,logistic,false,2041,38,397499.40242507175
scaled_inv_dist_sq,logistic,false,2041,39,44864.81838262317
scaled_inv_dist_sq,logistic,false,2041,40,1.1885387449348797e6
scaled_inv_dist_sq,logistic,false,2041,41,194946.0108733448
scaled_inv_dist_sq,logistic,false,2041,42,390709.5671418762
scaled_inv_dist_sq,logistic,false,2041,43,17533.111391814833
scaled_inv_dist_sq,logistic,false,2041,44,17126.35635365249
scaled_inv_dist_sq,logistic,false,2041,45,1491.5265413593531
scaled_inv_dist_sq,logistic,false,2041,46,1641.0924546735098
scaled_inv_dist_sq,logistic,false,2041,47,1609.071156208931
scaled_inv_dist_sq,logistic,false,2041,48,1568.5857875030752
scaled_inv_dist_sq,logistic,false,2041,49,282924.775746873
scaled_inv_dist_sq,logistic,false,2041,50,16282.928071021515
scaled_inv_dist_sq,logistic,false,2041,51,3.263546885680219e7
scaled_inv_dist_sq,logistic,false,2041,52,1.0546337826828726e8
scaled_inv_dist_sq,logistic,false,2041,53,218667.38837858572
scaled_inv_dist_sq,logistic,false,2041,54,51488.23025398325
scaled_inv_dist_sq,logistic,false,2041,55,12860.06677838448
scaled_inv_dist_sq,logistic,false,2041,56,14095.648314048925
scaled_inv_dist_sq,logistic,false,2041,57,1590.3985996553172
scaled_inv_dist_sq,logistic,false,2041,58,1573.6652433449754
scaled_inv_dist_sq,logistic,false,2041,59,1565.2169641456996
scaled_inv_dist_sq,logistic,false,2041,60,1576.2063957182932
scaled_inv_dist_sq,logistic,false,2041,61,1456.060644406844
scaled_inv_dist_sq,logistic,false,2041,62,1667.1631008326897
scaled_inv_dist_sq,logistic,false,2041,63,1531.6427092737292
scaled_inv_dist_sq,logistic,false,2041,64,1582.3741695325084
scaled_inv_dist_sq,logistic,false,2041,65,1633.7691184265882
scaled_inv_dist_sq,logistic,false,2041,66,1595.4492306269826
scaled_inv_dist_sq,logistic,false,2041,67,1468.15009345481
scaled_inv_dist_sq,logistic,false,2041,68,1706.4737182475317
scaled_inv_dist_sq,logistic,false,2041,69,1609.1485560766607
scaled_inv_dist_sq,logistic,false,2041,70,1542.1209692671043
scaled_inv_dist_sq,logistic,false,2041,71,425964.5852791669
scaled_inv_dist_sq,logistic,false,2041,72,1.4195472128726824e6
scaled_inv_dist_sq,logistic,false,2041,73,146978.12756510905
scaled_inv_dist_sq,logistic,false,2041,74,109513.16640238748
scaled_inv_dist_sq,logistic,false,2041,75,24030.635939062206
scaled_inv_dist_sq,logistic,false,2041,76,40166.20799858333
scaled_inv_dist_sq,logistic,false,2041,77,2374.451939178835
scaled_inv_dist_sq,logistic,false,2041,78,2305.994314727235
scaled_inv_dist_sq,logistic,false,2041,79,1582.5396833788654
scaled_inv_dist_sq,logistic,false,2041,80,1502.3197823118503
scaled_inv_dist_sq,logistic,false,2041,81,1561.7371556484443
scaled_inv_dist_sq,logistic,false,2041,82,1804.9721230116409
scaled_inv_dist_sq,logistic,false,2041,83,2.0337473415779036e6
scaled_inv_dist_sq,logistic,false,2041,84,267600.1487956284
scaled_inv_dist_sq,logistic,false,2041,85,267058.23266819876
scaled_inv_dist_sq,logistic,false,2041,86,337663.7085644887
scaled_inv_dist_sq,logistic,false,2041,87,9187.757864898967
scaled_inv_dist_sq,logistic,false,2041,88,10257.689703350947
scaled_inv_dist_sq,logistic,false,2041,89,1836.5983357333869
scaled_inv_dist_sq,logistic,false,2041,90,1484.7614792409631
scaled_inv_dist_sq,logistic,false,2041,91,1747.070517535772
scaled_inv_dist_sq,logistic,false,2041,92,1766.7590551328126
scaled_inv_dist_sq,logistic,false,2041,93,1.0560631054365584e8
scaled_inv_dist_sq,logistic,false,2041,94,1.5666019794362843e7
scaled_inv_dist_sq,logistic,false,2041,95,310095.6987363319
scaled_inv_dist_sq,logistic,false,2041,96,145738.95328658988
scaled_inv_dist_sq,logistic,false,2041,97,13801.156015452958
scaled_inv_dist_sq,logistic,false,2041,98,35878.0325005463
scaled_inv_dist_sq,logistic,false,2041,99,1972.2663795413655
scaled_inv_dist_sq,logistic,false,2041,100,2017.116529656761
scaled_inv_dist_sq,logistic,false,2041,101,1894.3710520011496
scaled_inv_dist_sq,logistic,false,2041,102,1837.7221817641175
scaled_inv_dist_sq,logistic,false,2041,103,1599.5366970984644
scaled_inv_dist_sq,logistic,false,2041,104,1681.9329070749886
scaled_inv_dist_sq,logistic,false,2041,105,1598.9656415121044
scaled_inv_dist_sq,logistic,false,2041,106,2034.349583268878
scaled_inv_dist_sq,logistic,false,2041,107,6.248143705341283e6
scaled_inv_dist_sq,logistic,false,2041,108,99791.98820594301
scaled_inv_dist_sq,logistic,false,2041,109,134043.97622426364
scaled_inv_dist_sq,logistic,false,2041,110,17126.295088427396
scaled_inv_dist_sq,logistic,false,2041,111,3687.5659250520753
scaled_inv_dist_sq,logistic,false,2041,112,3150.1219560822374
scaled_inv_dist_sq,logistic,false,2041,113,1941.6197621847102
scaled_inv_dist_sq,logistic,false,2041,114,1669.4045549940754
scaled_inv_dist_sq,logistic,false,2041,115,1667.353129704617
scaled_inv_dist_sq,logistic,false,2041,116,1807.624165914426
scaled_inv_dist_sq,logistic,false,2041,117,65137.311545252574
scaled_inv_dist_sq,logistic,false,2041,118,51056.75738962051
scaled_inv_dist_sq,logistic,false,2041,119,173803.37934177258
scaled_inv_dist_sq,logistic,false,2041,120,100252.7872378527
scaled_inv_dist_sq,logistic,false,2041,121,40031.855702088054
scaled_inv_dist_sq,logistic,false,2041,122,73772.15952984114
scaled_inv_dist_sq,logistic,false,2041,123,1653.4987755642887
scaled_inv_dist_sq,logistic,false,2041,124,1740.971493480305
scaled_inv_dist_sq,logistic,false,2041,125,6678.040820792027
scaled_inv_dist_sq,logistic,false,2041,126,4647.478086335781
scaled_inv_dist_sq,logistic,false,2041,127,1692.8497371201793
scaled_inv_dist_sq,logistic,false,2041,128,1682.9915865000721
scaled_inv_dist_sq,logistic,false,2041,129,1946.3343645115617
scaled_inv_dist_sq,logistic,false,2041,130,1513.8645822489334
scaled_inv_dist_sq,logistic,false,2041,131,623672.3543001807
scaled_inv_dist_sq,logistic,false,2041,132,151870.51738487426
scaled_inv_dist_sq,logistic,false,2041,133,64118.1746511982
scaled_inv_dist_sq,logistic,false,2041,134,732681.1753828904
scaled_inv_dist_sq,logistic,false,2041,135,111081.51843786967
scaled_inv_dist_sq,logistic,false,2041,136,42428.24101631383
scaled_inv_dist_sq,logistic,false,2041,137,3553.148193189676
scaled_inv_dist_sq,logistic,false,2041,138,3062.011074655885
scaled_inv_dist_sq,logistic,false,2041,139,1587.6441179148067
scaled_inv_dist_sq,logistic,false,2041,140,1709.7510123367438
scaled_inv_dist_sq,logistic,false,2041,141,1721.5360266433197
scaled_inv_dist_sq,logistic,false,2041,142,1692.300168294405
scaled_inv_dist_sq,logistic,false,2041,143,1638.4006752723576
scaled_inv_dist_sq,logistic,false,2041,144,1715.7770718037298
scaled_inv_dist_sq,logistic,false,2041,145,1907.9038051284963
scaled_inv_dist_sq,logistic,false,2041,146,1678.166982873911
scaled_inv_dist_sq,logistic,false,2041,147,1614.1929051093075
scaled_inv_dist_sq,logistic,false,2041,148,1590.5619938910686
scaled_inv_dist_sq,logistic,false,2041,149,1491.3756054761852
scaled_inv_dist_sq,logistic,false,2041,150,1613.204978249303
scaled_inv_dist_sq,logistic,false,2041,151,1638.9110010115887
scaled_inv_dist_sq,logistic,false,2041,152,1506.8543344662285
scaled_inv_dist_sq,logistic,false,2041,153,228243.75089535746
scaled_inv_dist_sq,logistic,false,2041,154,275649.69931568747
scaled_inv_dist_sq,logistic,false,2041,155,270978.3673232095
scaled_inv_dist_sq,logistic,false,2041,156,527697.4437671162
scaled_inv_dist_sq,logistic,false,2041,157,9.7949756391237e6
scaled_inv_dist_sq,logistic,false,2041,158,73611.89432250857
scaled_inv_dist_sq,logistic,false,2041,159,43240.51259736781
scaled_inv_dist_sq,logistic,false,2041,160,34099.36573261015
scaled_inv_dist_sq,logistic,false,2041,161,1880.0121417123432
scaled_inv_dist_sq,logistic,false,2041,162,1726.4165517643285
scaled_inv_dist_sq,logistic,false,2041,163,1681.2821358948022
scaled_inv_dist_sq,logistic,false,2041,164,1807.6029266295561
scaled_inv_dist_sq,logistic,false,2041,165,1496.4530125719311
scaled_inv_dist_sq,logistic,false,2041,166,1675.0127270182709
scaled_inv_dist_sq,logistic,false,2041,167,1717.2350169667668
scaled_inv_dist_sq,logistic,false,2041,168,1725.1214229252075
scaled_inv_dist_sq,logistic,false,2041,169,1592.8485174110988
scaled_inv_dist_sq,logistic,false,2041,170,1616.3401984439745
scaled_inv_dist_sq,logistic,false,2041,171,1617.499414259651
scaled_inv_dist_sq,logistic,false,2041,172,1559.5813038185895
scaled_inv_dist_sq,logistic,false,2041,173,1607.7995552864134
scaled_inv_dist_sq,logistic,false,2041,174,1762.0292403147762
scaled_inv_dist_sq,logistic,false,2041,175,1669.2710451341825
scaled_inv_dist_sq,logistic,false,2041,176,1616.3391389398328
scaled_inv_dist_sq,logistic,false,2041,177,1639.7684302976731
scaled_inv_dist_sq,logistic,false,2041,178,1750.639455730642
scaled_inv_dist_sq,logistic,false,2041,179,1705.287162939744
scaled_inv_dist_sq,logistic,false,2041,180,1636.297892853935
scaled_inv_dist_sq,logistic,false,2041,181,1507.421406793297
scaled_inv_dist_sq,logistic,false,2041,182,1573.1030488445633
scaled_inv_dist_sq,logistic,false,2041,183,1607.5386133015463
scaled_inv_dist_sq,logistic,false,2041,184,1787.012710132683
scaled_inv_dist_sq,logistic,false,2041,185,1569.5997377089645
scaled_inv_dist_sq,logistic,false,2041,186,1452.7751145545803
scaled_inv_dist_sq,logistic,false,2041,187,1564.9270119131602
scaled_inv_dist_sq,logistic,false,2041,188,1600.9461212395017
scaled_inv_dist_sq,logistic,false,2041,189,1569.3544344644463
scaled_inv_dist_sq,logistic,false,2041,190,1518.6145955143295
scaled_inv_dist_sq,logistic,false,2041,191,1580.1453344560803
scaled_inv_dist_sq,logistic,false,2041,192,1780.0805406363488
scaled_inv_dist_sq,logistic,false,2041,193,1687.178802986043
scaled_inv_dist_sq,logistic,false,2041,194,1585.1597460953667
scaled_inv_dist_sq,logistic,false,2041,195,1664.8780650156523
scaled_inv_dist_sq,logistic,false,2041,196,1809.3124901518495
scaled_inv_dist_sq,logistic,false,2041,197,1747.8422524587875
scaled_inv_dist_sq,logistic,false,2041,198,1652.8253481115728
scaled_inv_dist_sq,logistic,false,2041,199,1653.0977784999618
scaled_inv_dist_sq,logistic,false,2041,200,1774.965350193299
scaled_inv_dist_sq,logistic,false,2041,201,1593.580715382082
scaled_inv_dist_sq,logistic,false,2041,202,1768.7877362890376
scaled_inv_dist_sq,logistic,false,2041,203,1688.0029497179494
scaled_inv_dist_sq,logistic,false,2041,204,1610.9237041857757
scaled_inv_dist_sq,logistic,false,2041,205,1540.5381400632991
scaled_inv_dist_sq,logistic,false,2041,206,1583.5894823095916
scaled_inv_dist_sq,logistic,false,2041,207,1750.833684672281
scaled_inv_dist_sq,logistic,false,2041,208,1664.086017706815
scaled_inv_dist_sq,logistic,false,2041,209,1619.9084654805852
scaled_inv_dist_sq,logistic,false,2041,210,1598.012822653931
scaled_inv_dist_sq,logistic,false,2041,211,1901.2785188358055
scaled_inv_dist_sq,logistic,false,2041,212,1634.3531941663882
scaled_inv_dist_sq,logistic,false,2041,213,1539.4959138520082
scaled_inv_dist_sq,logistic,false,2041,214,1715.6827193160289
scaled_inv_dist_sq,logistic,false,2041,215,1856.9201865403068
scaled_inv_dist_sq,logistic,false,2041,216,1761.7475702826487
scaled_inv_dist_sq,logistic,false,2041,217,1779.3236767170195
scaled_inv_dist_sq,logistic,false,2041,218,1735.6341843196813
scaled_inv_dist_sq,logistic,false,2041,219,1539.8631587464915
scaled_inv_dist_sq,logistic,false,2041,220,1603.289634228861
scaled_inv_dist_sq,logistic,false,2041,221,1520.7000903773333
scaled_inv_dist_sq,logistic,false,2041,222,1811.8250162632141
scaled_inv_dist_sq,logistic,false,2041,223,1661.5561114272111
scaled_inv_dist_sq,logistic,false,2041,224,1726.5080115947583
scaled_inv_dist_sq,logistic,false,2041,225,1694.0732767245381
scaled_inv_dist_sq,logistic,false,2041,226,1782.3999667724058
scaled_inv_dist_sq,logistic,false,2041,227,1729.2827202584015
scaled_inv_dist_sq,logistic,false,2041,228,1764.6194623424174
scaled_inv_dist_sq,logistic,false,2041,229,1619.8509982010014
scaled_inv_dist_sq,logistic,false,2041,230,1430.7926209530358
scaled_inv_dist_sq,logistic,false,2041,231,186190.05992280514
scaled_inv_dist_sq,logistic,false,2041,232,293749.3657738844
scaled_inv_dist_sq,logistic,false,2041,233,3.1702253103098464e6
scaled_inv_dist_sq,logistic,false,2041,234,710477.6191184835
scaled_inv_dist_sq,logistic,false,2041,235,604786.3960763284
scaled_inv_dist_sq,logistic,false,2041,236,48572.41383949692
scaled_inv_dist_sq,logistic,false,2041,237,152934.01184536656
scaled_inv_dist_sq,logistic,false,2041,238,202358.97571829587
scaled_inv_dist_sq,logistic,false,2041,239,1445.429111998221
scaled_inv_dist_sq,logistic,false,2041,240,1412.974235072893
scaled_inv_dist_sq,logistic,false,2041,241,27872.69390068092
scaled_inv_dist_sq,logistic,false,2041,242,11208.80642611989
scaled_inv_dist_sq,logistic,false,2041,243,1796.849218083359
scaled_inv_dist_sq,logistic,false,2041,244,1692.5385669626776
scaled_inv_dist_sq,logistic,false,2041,245,1654.0256973656944
scaled_inv_dist_sq,logistic,false,2041,246,1470.9696149463812
scaled_inv_dist_sq,logistic,false,2041,247,1767.3891567584678
scaled_inv_dist_sq,logistic,false,2041,248,1509.2106791130116
scaled_inv_dist_sq,logistic,false,2041,249,1559.3599950040295
scaled_inv_dist_sq,logistic,false,2041,250,1825.5623449159953
scaled_inv_dist_sq,logistic,false,2041,251,1818.4213253770235
scaled_inv_dist_sq,logistic,false,2041,252,1722.960967119546
scaled_inv_dist_sq,logistic,false,2041,253,1651.520371614256
scaled_inv_dist_sq,logistic,false,2041,254,1665.9023934737277
scaled_inv_dist_sq,logistic,false,2041,255,1502.3350186643668
scaled_inv_dist_sq,logistic,false,2041,256,1668.761621604334
scaled_inv_dist_sq,logistic,false,2041,257,1790.3562369052033
scaled_inv_dist_sq,logistic,false,2041,258,1558.7890742460638
scaled_inv_dist_sq,logistic,false,2041,259,1654.3842190857556
scaled_inv_dist_sq,logistic,false,2041,260,1656.221108220816
scaled_inv_dist_sq,logistic,false,2041,261,1454.8746233761487
scaled_inv_dist_sq,logistic,false,2041,262,1631.6638508143924
scaled_inv_dist_sq,logistic,false,2041,263,1618.7028975707983
scaled_inv_dist_sq,logistic,false,2041,264,1620.4812309804893
scaled_inv_dist_sq,logistic,false,2041,265,1726.9924362765878
scaled_inv_dist_sq,logistic,false,2041,266,1559.4935691699604
scaled_inv_dist_sq,logistic,false,2041,267,1565.8340209969504
scaled_inv_dist_sq,logistic,false,2041,268,1416.180975065335
scaled_inv_dist_sq,logistic,false,2041,269,1688.463819295885
scaled_inv_dist_sq,logistic,false,2041,270,1654.9350101556165
scaled_inv_dist_sq,logistic,false,2041,271,179268.90527829158
scaled_inv_dist_sq,logistic,false,2041,272,46345.77813309341
scaled_inv_dist_sq,logistic,false,2041,273,4.2944741568606105e6
scaled_inv_dist_sq,logistic,false,2041,274,513682.78709323256
scaled_inv_dist_sq,logistic,false,2041,275,21972.168789040807
scaled_inv_dist_sq,logistic,false,2041,276,81876.7166689087
scaled_inv_dist_sq,logistic,false,2041,277,1689.394586355709
scaled_inv_dist_sq,logistic,false,2041,278,1473.165571787524
scaled_inv_dist_sq,logistic,false,2041,279,1395.1136610645474
scaled_inv_dist_sq,logistic,false,2041,280,1578.6755076122097
scaled_inv_dist_sq,logistic,false,2041,281,1566.1702171564943
scaled_inv_dist_sq,logistic,false,2041,282,1761.369509352327
scaled_inv_dist_sq,logistic,false,2041,283,1.605747631198284e6
scaled_inv_dist_sq,logistic,false,2041,284,62958.89036920585
scaled_inv_dist_sq,logistic,false,2041,285,646555.8621582546
scaled_inv_dist_sq,logistic,false,2041,286,154002.45518270385
scaled_inv_dist_sq,logistic,false,2041,287,13213.799907502525
scaled_inv_dist_sq,logistic,false,2041,288,97282.28061888671
scaled_inv_dist_sq,logistic,false,2041,289,2094.079440350228
scaled_inv_dist_sq,logistic,false,2041,290,2128.810856624577
scaled_inv_dist_sq,logistic,false,2041,291,1499.0426511515511
scaled_inv_dist_sq,logistic,false,2041,292,1541.3152259282003
scaled_inv_dist_sq,logistic,false,2041,293,1527.9368221100895
scaled_inv_dist_sq,logistic,false,2041,294,1775.5211415857789
scaled_inv_dist_sq,logistic,false,2041,295,102775.01243815666
scaled_inv_dist_sq,logistic,false,2041,296,77719.72018303002
scaled_inv_dist_sq,logistic,false,2041,297,16729.805303326855
scaled_inv_dist_sq,logistic,false,2041,298,388309.863509929
scaled_inv_dist_sq,logistic,false,2041,299,13971.641991966002
scaled_inv_dist_sq,logistic,false,2041,300,10882.789703813953
scaled_inv_dist_sq,logistic,false,2041,301,1790.295870851508
scaled_inv_dist_sq,logistic,false,2041,302,1606.0678065765621
scaled_inv_dist_sq,logistic,false,2041,303,1573.3023470698652
scaled_inv_dist_sq,logistic,false,2041,304,1635.308977438224
scaled_inv_dist_sq,logistic,false,2041,305,148708.59143915318
scaled_inv_dist_sq,logistic,false,2041,306,73399.4513261952
scaled_inv_dist_sq,logistic,false,2041,307,76384.081842468
scaled_inv_dist_sq,logistic,false,2041,308,71286.45852868631
scaled_inv_dist_sq,logistic,false,2041,309,86628.01893498872
scaled_inv_dist_sq,logistic,false,2041,310,230100.3859176146
scaled_inv_dist_sq,logistic,false,2041,311,123537.58450655956
scaled_inv_dist_sq,logistic,false,2041,312,89504.75362738853
scaled_inv_dist_sq,logistic,false,2041,313,2947.5690218491586
scaled_inv_dist_sq,logistic,false,2041,314,3414.73484881974
scaled_inv_dist_sq,logistic,false,2041,315,1536.9070708967574
scaled_inv_dist_sq,logistic,false,2041,316,1761.6850136486955
scaled_inv_dist_sq,logistic,false,2041,317,1493.1130725653115
scaled_inv_dist_sq,logistic,false,2041,318,1636.2327520747465
scaled_inv_dist_sq,logistic,false,2041,319,1439.8031167451184
scaled_inv_dist_sq,logistic,false,2041,320,1529.5102778281876
scaled_inv_dist_sq,logistic,false,2041,321,1582.0659550325156
scaled_inv_dist_sq,logistic,false,2041,322,1481.401901178494
scaled_inv_dist_sq,logistic,false,2041,323,1.692985008474562e6
scaled_inv_dist_sq,logistic,false,2041,324,113521.89702700549
scaled_inv_dist_sq,logistic,false,2041,325,71626.97777750465
scaled_inv_dist_sq,logistic,false,2041,326,586463.3100013721
scaled_inv_dist_sq,logistic,false,2041,327,746942.3981276264
scaled_inv_dist_sq,logistic,false,2041,328,77213.00170231599
scaled_inv_dist_sq,logistic,false,2041,329,2842.374142367815
scaled_inv_dist_sq,logistic,false,2041,330,2451.9266188220413
scaled_inv_dist_sq,logistic,false,2041,331,1457.5660567045534
scaled_inv_dist_sq,logistic,false,2041,332,1695.7908511406308
scaled_inv_dist_sq,logistic,false,2041,333,1571.253139791524
scaled_inv_dist_sq,logistic,false,2041,334,1666.4712334136277
scaled_inv_dist_sq,logistic,false,2041,335,1578.4421246273134
scaled_inv_dist_sq,logistic,false,2041,336,1822.6681272636004
scaled_inv_dist_sq,logistic,false,2041,337,1696.2307648238568
scaled_inv_dist_sq,logistic,false,2041,338,1658.8217231497192
scaled_inv_dist_sq,logistic,false,2041,339,1770.911393792762
scaled_inv_dist_sq,logistic,false,2041,340,1615.0395474765935
scaled_inv_dist_sq,logistic,false,2041,341,1701.7681820876765
scaled_inv_dist_sq,logistic,false,2041,342,1710.0638453280046
scaled_inv_dist_sq,logistic,false,2041,343,1554.6636572023033
scaled_inv_dist_sq,logistic,false,2041,344,1596.273160440547
scaled_inv_dist_sq,logistic,false,2041,345,1617.9337862476282
scaled_inv_dist_sq,logistic,false,2041,346,1525.0255896686756
scaled_inv_dist_sq,logistic,false,2041,347,1703.0880354848143
scaled_inv_dist_sq,logistic,false,2041,348,1512.5323499701196
scaled_inv_dist_sq,logistic,false,2041,349,1473.4928365716098
scaled_inv_dist_sq,logistic,false,2041,350,1605.4887673625874
scaled_inv_dist_sq,logistic,false,2041,351,1734.933489976699
scaled_inv_dist_sq,logistic,false,2041,352,1568.6010574554325
scaled_inv_dist_sq,logistic,false,2041,353,1639.66919602995
scaled_inv_dist_sq,logistic,false,2041,354,1591.628495115752
scaled_inv_dist_sq,logistic,false,2041,355,1622.5216349914026
scaled_inv_dist_sq,logistic,false,2041,356,1654.1275741925097
scaled_inv_dist_sq,logistic,false,2041,357,1716.8727062843677
scaled_inv_dist_sq,logistic,false,2041,358,1394.5150284841577
scaled_inv_dist_sq,logistic,false,2041,359,4.275551737548091e6
scaled_inv_dist_sq,logistic,false,2041,360,264127.4479566674
scaled_inv_dist_sq,logistic,false,2041,361,437773.55840135494
scaled_inv_dist_sq,logistic,false,2041,362,573078.1129538517
scaled_inv_dist_sq,logistic,false,2041,363,3038.500973957814
scaled_inv_dist_sq,logistic,false,2041,364,2848.4823000352458
scaled_inv_dist_sq,logistic,false,2041,365,1498.0320953008018
scaled_inv_dist_sq,logistic,false,2041,366,1557.3765351774193
scaled_inv_dist_sq,logistic,false,2041,367,1595.830604816814
scaled_inv_dist_sq,logistic,false,2041,368,1362.1977519706984
scaled_inv_dist_sq,logistic,false,2041,369,1587.78752941805
scaled_inv_dist_sq,logistic,false,2041,370,1724.975342919965
scaled_inv_dist_sq,logistic,false,2041,371,169896.28060188255
scaled_inv_dist_sq,logistic,false,2041,372,25562.480217735298
scaled_inv_dist_sq,logistic,false,2041,373,190849.5970268038
scaled_inv_dist_sq,logistic,false,2041,374,101519.92565090061
scaled_inv_dist_sq,logistic,false,2041,375,21856.00008141643
scaled_inv_dist_sq,logistic,false,2041,376,233837.13758104233
scaled_inv_dist_sq,logistic,false,2041,377,3150.780846668653
scaled_inv_dist_sq,logistic,false,2041,378,3627.1866523783583
scaled_inv_dist_sq,logistic,false,2041,379,1524.4942903582769
scaled_inv_dist_sq,logistic,false,2041,380,1586.835008009367
scaled_inv_dist_sq,logistic,false,2041,381,1454.2447532428262
scaled_inv_dist_sq,logistic,false,2041,382,1544.5672209408108
scaled_inv_dist_sq,logistic,false,2041,383,10641.214203332367
scaled_inv_dist_sq,logistic,false,2041,384,240119.0704693643
scaled_inv_dist_sq,logistic,false,2041,385,24740.77452314829
scaled_inv_dist_sq,logistic,false,2041,386,28276.628348090508
scaled_inv_dist_sq,logistic,false,2041,387,101229.92173813039
scaled_inv_dist_sq,logistic,false,2041,388,33893.44358406017
scaled_inv_dist_sq,logistic,false,2041,389,199769.19113201098
scaled_inv_dist_sq,logistic,false,2041,390,284525.22267582745
scaled_inv_dist_sq,logistic,false,2041,391,24910.171326142954
scaled_inv_dist_sq,logistic,false,2041,392,20978.568186010427
scaled_inv_dist_sq,logistic,false,2041,393,1708.3208869294094
scaled_inv_dist_sq,logistic,false,2041,394,1482.375999111318
scaled_inv_dist_sq,logistic,false,2041,395,1815.4473372413374
scaled_inv_dist_sq,logistic,false,2041,396,1583.8093053402206
scaled_inv_dist_sq,logistic,false,2041,397,27211.180258776043
scaled_inv_dist_sq,logistic,false,2041,398,133643.11386227608
scaled_inv_dist_sq,logistic,false,2041,399,248857.43395841355
scaled_inv_dist_sq,logistic,false,2041,400,117821.26918303437
scaled_inv_dist_sq,logistic,false,2041,401,22278.15612857301
scaled_inv_dist_sq,logistic,false,2041,402,3.2678458418401703e7
scaled_inv_dist_sq,logistic,false,2041,403,59730.75308040797
scaled_inv_dist_sq,logistic,false,2041,404,55397.76624577207
scaled_inv_dist_sq,logistic,false,2041,405,8564.0603550556
scaled_inv_dist_sq,logistic,false,2041,406,5838.32775262544
scaled_inv_dist_sq,logistic,false,2041,407,1562.9417165894336
scaled_inv_dist_sq,logistic,false,2041,408,1653.512090735255
scaled_inv_dist_sq,logistic,false,2041,409,1629.251240693481
scaled_inv_dist_sq,logistic,false,2041,410,1689.3152020006985
scaled_inv_dist_sq,logistic,false,2041,411,1557.1903873381011
scaled_inv_dist_sq,logistic,false,2041,412,1683.400599398616
scaled_inv_dist_sq,logistic,false,2041,413,1576.7033999046819
scaled_inv_dist_sq,logistic,false,2041,414,1667.2163535041095
scaled_inv_dist_sq,logistic,false,2041,415,1506.3991665931228
scaled_inv_dist_sq,logistic,false,2041,416,1554.0055532914557
scaled_inv_dist_sq,logistic,false,2041,417,1700.6688495288884
scaled_inv_dist_sq,logistic,false,2041,418,1620.1513191048703
scaled_inv_dist_sq,logistic,false,2041,419,1647.7524955502297
scaled_inv_dist_sq,logistic,false,2041,420,1803.3014976481359
scaled_inv_dist_sq,logistic,false,2041,421,1632.0209179865828
scaled_inv_dist_sq,logistic,false,2041,422,1722.7918693856539
scaled_inv_dist_sq,logistic,false,2041,423,1624.4774363618717
scaled_inv_dist_sq,logistic,false,2041,424,1457.689942298463
scaled_inv_dist_sq,logistic,false,2041,425,1717.8635953205728
scaled_inv_dist_sq,logistic,false,2041,426,1678.9239169941584
scaled_inv_dist_sq,logistic,false,2041,427,1776.7529601419649
scaled_inv_dist_sq,logistic,false,2041,428,1489.5457476983065
scaled_inv_dist_sq,logistic,false,2041,429,1562.6409544540793
scaled_inv_dist_sq,logistic,false,2041,430,1548.2325710468774
scaled_inv_dist_sq,logistic,true,2042,2,1690.6683972615162
scaled_inv_dist_sq,logistic,true,2042,3,1643.5815223510906
scaled_inv_dist_sq,logistic,true,2042,4,1686.7082012023404
scaled_inv_dist_sq,logistic,true,2042,5,1501.5478843327658
scaled_inv_dist_sq,logistic,true,2042,6,1607.6403976226993
scaled_inv_dist_sq,logistic,true,2042,7,1641.1819033883553
scaled_inv_dist_sq,logistic,true,2042,8,1716.9481292159871
scaled_inv_dist_sq,logistic,true,2042,9,1434.6441818823023
scaled_inv_dist_sq,logistic,true,2042,10,1630.4189669306052
scaled_inv_dist_sq,logistic,true,2042,11,1559.1910205879888
scaled_inv_dist_sq,logistic,true,2042,12,1717.0805842651316
scaled_inv_dist_sq,logistic,true,2042,13,1316.5916070764704
scaled_inv_dist_sq,logistic,true,2042,14,1478.9217069815895
scaled_inv_dist_sq,logistic,true,2042,15,1457.1710969256123
scaled_inv_dist_sq,logistic,true,2042,16,1435.3964009608756
scaled_inv_dist_sq,logistic,true,2042,17,1408.1616273846587
scaled_inv_dist_sq,logistic,true,2042,18,1402.3477687249579
scaled_inv_dist_sq,logistic,true,2042,19,1537.111843271211
scaled_inv_dist_sq,logistic,true,2042,20,1420.5886692196993
scaled_inv_dist_sq,logistic,true,2042,21,1555.9708940799264
scaled_inv_dist_sq,logistic,true,2042,22,1452.4592376053836
scaled_inv_dist_sq,logistic,true,2042,23,1679.2230389733454
scaled_inv_dist_sq,logistic,true,2042,24,1365.517290323143
scaled_inv_dist_sq,logistic,true,2042,25,965799.0492473238
scaled_inv_dist_sq,logistic,true,2042,26,2.0149564310972646e6
scaled_inv_dist_sq,logistic,true,2042,27,4.31607783381272e6
scaled_inv_dist_sq,logistic,true,2042,28,150574.81317729232
scaled_inv_dist_sq,logistic,true,2042,29,601523.5065333729
scaled_inv_dist_sq,logistic,true,2042,30,48384.56212295361
scaled_inv_dist_sq,logistic,true,2042,31,883414.8971166572
scaled_inv_dist_sq,logistic,true,2042,32,714595.3095070781
scaled_inv_dist_sq,logistic,true,2042,33,95984.36245142449
scaled_inv_dist_sq,logistic,true,2042,34,372352.32782788615
scaled_inv_dist_sq,logistic,true,2042,35,1.1600594153909988e6
scaled_inv_dist_sq,logistic,true,2042,36,28548.736675741922
scaled_inv_dist_sq,logistic,true,2042,37,3.278964548625895e6
scaled_inv_dist_sq,logistic,true,2042,38,100723.88207059828
scaled_inv_dist_sq,logistic,true,2042,39,72131.30051240239
scaled_inv_dist_sq,logistic,true,2042,40,132962.89028554613
scaled_inv_dist_sq,logistic,true,2042,41,23387.715613032906
scaled_inv_dist_sq,logistic,true,2042,42,31500.591968281653
scaled_inv_dist_sq,logistic,true,2042,43,157791.23054188292
scaled_inv_dist_sq,logistic,true,2042,44,173967.62400335923
scaled_inv_dist_sq,logistic,true,2042,45,345563.28891291464
scaled_inv_dist_sq,logistic,true,2042,46,55950.4696649249
scaled_inv_dist_sq,logistic,true,2042,47,1461.6462522482784
scaled_inv_dist_sq,logistic,true,2042,48,1493.751472295352
scaled_inv_dist_sq,logistic,true,2042,49,1496.0841705529156
scaled_inv_dist_sq,logistic,true,2042,50,1510.1289409917763
scaled_inv_dist_sq,logistic,true,2042,51,1625.1455479692634
scaled_inv_dist_sq,logistic,true,2042,52,1541.0109274968913
scaled_inv_dist_sq,logistic,true,2042,53,1597.2368298650083
scaled_inv_dist_sq,logistic,true,2042,54,1417.3103342176905
scaled_inv_dist_sq,logistic,true,2042,55,1631.6440483357876
scaled_inv_dist_sq,logistic,true,2042,56,1595.6627610295645
scaled_inv_dist_sq,logistic,true,2042,57,1573.411468567367
scaled_inv_dist_sq,logistic,true,2042,58,1635.5468772765626
scaled_inv_dist_sq,logistic,true,2042,59,1406.9004638304793
scaled_inv_dist_sq,logistic,true,2042,60,1483.5860737487526
scaled_inv_dist_sq,logistic,true,2042,61,1698.2668744590737
scaled_inv_dist_sq,logistic,true,2042,62,1494.4120293488818
scaled_inv_dist_sq,logistic,true,2042,63,1768.715891528329
scaled_inv_dist_sq,logistic,true,2042,64,1520.8064394724406
scaled_inv_dist_sq,logistic,true,2042,65,1571.5503819473063
scaled_inv_dist_sq,logistic,true,2042,66,1420.4833056556947
scaled_inv_dist_sq,logistic,true,2042,67,1473.4657829659538
scaled_inv_dist_sq,logistic,true,2042,68,1479.8401243000208
scaled_inv_dist_sq,logistic,true,2042,69,1556.2289299086797
scaled_inv_dist_sq,logistic,true,2042,70,1470.7532581381247
scaled_inv_dist_sq,logistic,true,2042,71,1444.7791473135833
scaled_inv_dist_sq,logistic,true,2042,72,1522.2151146792621
scaled_inv_dist_sq,logistic,true,2042,73,1519.4026922642108
scaled_inv_dist_sq,logistic,true,2042,74,1578.7033594000318
scaled_inv_dist_sq,logistic,true,2042,75,1446.018321541914
scaled_inv_dist_sq,logistic,true,2042,76,1517.5761347502887
scaled_inv_dist_sq,logistic,true,2042,77,1425.6013436669743
scaled_inv_dist_sq,logistic,true,2042,78,1670.418672790562
scaled_inv_dist_sq,logistic,true,2042,79,1555.9092650445207
scaled_inv_dist_sq,logistic,true,2042,80,1416.5926586861997
scaled_inv_dist_sq,logistic,true,2042,81,1557.786442262402
scaled_inv_dist_sq,logistic,true,2042,82,1406.921749257564
scaled_inv_dist_sq,logistic,true,2042,83,1476.4171387091767
scaled_inv_dist_sq,logistic,true,2042,84,1440.2609158200883
scaled_inv_dist_sq,logistic,true,2042,85,1568.5109474246588
scaled_inv_dist_sq,logistic,true,2042,86,1393.7775443453468
scaled_inv_dist_sq,logistic,true,2042,87,1506.668099652878
scaled_inv_dist_sq,logistic,true,2042,88,1640.3668527735092
scaled_inv_dist_sq,logistic,true,2042,89,1560.9095957208413
scaled_inv_dist_sq,logistic,true,2042,90,1506.0181718999938
scaled_inv_dist_sq,logistic,true,2042,91,1491.2584415842073
scaled_inv_dist_sq,logistic,true,2042,92,1391.0533457017925
scaled_inv_dist_sq,logistic,true,2042,93,1582.8792189558144
scaled_inv_dist_sq,logistic,true,2042,94,1630.8355188457217
scaled_inv_dist_sq,logistic,true,2042,95,1664.185674381197
scaled_inv_dist_sq,logistic,true,2042,96,1658.5742450321654
scaled_inv_dist_sq,logistic,true,2042,97,1495.1901717281946
scaled_inv_dist_sq,logistic,true,2042,98,1513.2110774675104
scaled_inv_dist_sq,logistic,true,2042,99,1570.2274672229541
scaled_inv_dist_sq,logistic,true,2042,100,1498.7455912168436
scaled_inv_dist_sq,logistic,true,2042,101,1447.0646694337993
scaled_inv_dist_sq,logistic,true,2042,102,1510.3821705485514
scaled_inv_dist_sq,logistic,true,2042,103,1386.0538235095773
scaled_inv_dist_sq,logistic,true,2042,104,1536.6957971809193
scaled_inv_dist_sq,logistic,true,2042,105,1579.579814461632
scaled_inv_dist_sq,logistic,true,2042,106,1464.7569207980202
scaled_inv_dist_sq,logistic,true,2042,107,1614.0119196121768
scaled_inv_dist_sq,logistic,true,2042,108,1458.8217259531548
scaled_inv_dist_sq,logistic,true,2042,109,1396.4702458986694
scaled_inv_dist_sq,logistic,true,2042,110,1445.4007019525025
scaled_inv_dist_sq,logistic,true,2042,111,1635.6944876956968
scaled_inv_dist_sq,logistic,true,2042,112,1573.049018701893
scaled_inv_dist_sq,logistic,true,2042,113,1394.3349490823987
scaled_inv_dist_sq,logistic,true,2042,114,1532.9859535261312
scaled_inv_dist_sq,logistic,true,2042,115,1630.4834666390263
scaled_inv_dist_sq,logistic,true,2042,116,1571.1602733763502
scaled_inv_dist_sq,logistic,true,2042,117,1525.729412036188
scaled_inv_dist_sq,logistic,true,2042,118,1467.9987283047567
scaled_inv_dist_sq,logistic,true,2042,119,1458.8103523943726
scaled_inv_dist_sq,logistic,true,2042,120,1475.6851253746793
scaled_inv_dist_sq,logistic,true,2042,121,1536.6358142157185
scaled_inv_dist_sq,logistic,true,2042,122,1540.5977163972113
scaled_inv_dist_sq,logistic,true,2042,123,1448.4786275685622
scaled_inv_dist_sq,logistic,true,2042,124,1501.9385926767097
scaled_inv_dist_sq,logistic,true,2042,125,1267.806513707303
scaled_inv_dist_sq,logistic,true,2042,126,1654.9942258716414
scaled_inv_dist_sq,logistic,true,2042,127,1511.398569464475
scaled_inv_dist_sq,logistic,true,2042,128,1516.374115631246
scaled_inv_dist_sq,logistic,true,2042,129,1379.4618173585525
scaled_inv_dist_sq,logistic,true,2042,130,1729.0288424534472
scaled_inv_dist_sq,logistic,true,2042,131,1569.1097462688256
scaled_inv_dist_sq,logistic,true,2042,132,1435.6751929430693
scaled_inv_dist_sq,logistic,true,2042,133,1458.1153109368859
scaled_inv_dist_sq,logistic,true,2042,134,1613.1373766982322
scaled_inv_dist_sq,logistic,true,2042,135,1471.4396057296476
scaled_inv_dist_sq,logistic,true,2042,136,1510.8593546175089
scaled_inv_dist_sq,logistic,true,2042,137,1486.6956818356016
scaled_inv_dist_sq,logistic,true,2042,138,1542.651060643279
scaled_inv_dist_sq,logistic,true,2042,139,1447.820556967382
scaled_inv_dist_sq,logistic,true,2042,140,1589.3765797149283
scaled_inv_dist_sq,logistic,true,2042,141,1558.4329319942863
scaled_inv_dist_sq,logistic,true,2042,142,1555.1906406791813
scaled_inv_dist_sq,logistic,true,2042,143,1538.957255609283
scaled_inv_dist_sq,logistic,true,2042,144,1628.9296190571229
scaled_inv_dist_sq,logistic,true,2042,145,1450.6372649692694
scaled_inv_dist_sq,logistic,true,2042,146,1298.1445030174964
scaled_inv_dist_sq,logistic,true,2042,147,109548.18411993874
scaled_inv_dist_sq,logistic,true,2042,148,104316.27659495382
scaled_inv_dist_sq,logistic,true,2042,149,153698.46151013958
scaled_inv_dist_sq,logistic,true,2042,150,753084.9702811377
scaled_inv_dist_sq,logistic,true,2042,151,513112.75638508424
scaled_inv_dist_sq,logistic,true,2042,152,44304.37039395387
scaled_inv_dist_sq,logistic,true,2042,153,355045.04693627445
scaled_inv_dist_sq,logistic,true,2042,154,77200.99560582239
scaled_inv_dist_sq,logistic,true,2042,155,139143.35092912932
scaled_inv_dist_sq,logistic,true,2042,156,391340.53311455995
scaled_inv_dist_sq,logistic,true,2042,157,1.7588979340982497e7
scaled_inv_dist_sq,logistic,true,2042,158,1.3383378178234773e6
scaled_inv_dist_sq,logistic,true,2042,159,398289.4941283819
scaled_inv_dist_sq,logistic,true,2042,160,4.381494407459573e6
scaled_inv_dist_sq,logistic,true,2042,161,1.2932782172087096e7
scaled_inv_dist_sq,logistic,true,2042,162,52196.08475740615
scaled_inv_dist_sq,logistic,true,2042,163,515076.91360075277
scaled_inv_dist_sq,logistic,true,2042,164,201314.1882475539
scaled_inv_dist_sq,logistic,true,2042,165,9.179410785630992e6
scaled_inv_dist_sq,logistic,true,2042,166,103586.41502514161
scaled_inv_dist_sq,logistic,true,2042,167,19173.92954119887
scaled_inv_dist_sq,logistic,true,2042,168,20991.089582985358
scaled_inv_dist_sq,logistic,true,2042,169,96635.37051682391
scaled_inv_dist_sq,logistic,true,2042,170,54394.91652529268
scaled_inv_dist_sq,logistic,true,2042,171,48699.576194162415
scaled_inv_dist_sq,logistic,true,2042,172,38879.030902949635
scaled_inv_dist_sq,logistic,true,2042,173,1755.6077290413689
scaled_inv_dist_sq,logistic,true,2042,174,1606.0473802821948
scaled_inv_dist_sq,logistic,true,2042,175,1570.912028804041
scaled_inv_dist_sq,logistic,true,2042,176,1480.7690149742111
scaled_inv_dist_sq,logistic,true,2042,177,1414.9984760810564
scaled_inv_dist_sq,logistic,true,2042,178,1338.1711449616782
scaled_inv_dist_sq,logistic,true,2042,179,1569.3299854579423
scaled_inv_dist_sq,logistic,true,2042,180,1546.7727948880029
scaled_inv_dist_sq,logistic,true,2042,181,1643.1951076066555
scaled_inv_dist_sq,logistic,true,2042,182,1611.5572786421644
scaled_inv_dist_sq,logistic,true,2042,183,1451.8360140020998
scaled_inv_dist_sq,logistic,true,2042,184,1371.7033399443621
scaled_inv_dist_sq,logistic,true,2042,185,1398.2784644955505
scaled_inv_dist_sq,logistic,true,2042,186,1567.5902190247448
scaled_inv_dist_sq,logistic,true,2042,187,1536.557181934359
scaled_inv_dist_sq,logistic,true,2042,188,1394.702291554619
scaled_inv_dist_sq,logistic,true,2042,189,1597.5652111617667
scaled_inv_dist_sq,logistic,true,2042,190,1517.8698821585276
scaled_inv_dist_sq,logistic,true,2042,191,1509.8240604651824
scaled_inv_dist_sq,logistic,true,2042,192,1656.6434802644642
scaled_inv_dist_sq,logistic,true,2042,193,1283.671730199187
scaled_inv_dist_sq,logistic,true,2042,194,1539.5299929910436
scaled_inv_dist_sq,logistic,true,2042,195,1405.4836722782525
scaled_inv_dist_sq,logistic,true,2042,196,1555.974509017209
scaled_inv_dist_sq,logistic,true,2042,197,1697.3160396233168
scaled_inv_dist_sq,logistic,true,2042,198,1502.9423955277348
scaled_inv_dist_sq,logistic,true,2042,199,1583.3877997529437
scaled_inv_dist_sq,logistic,true,2042,200,1434.4895879542778
scaled_inv_dist_sq,logistic,true,2042,201,1509.7593983145985
scaled_inv_dist_sq,logistic,true,2042,202,1467.6236408311217
scaled_inv_dist_sq,logistic,true,2042,203,1502.9969380055527
scaled_inv_dist_sq,logistic,true,2042,204,1635.9256038216452
scaled_inv_dist_sq,logistic,true,2042,205,1399.450069929359
scaled_inv_dist_sq,logistic,true,2042,206,1602.9170405998339
scaled_inv_dist_sq,logistic,true,2042,207,1496.792941199981
scaled_inv_dist_sq,logistic,true,2042,208,1639.254750138869
scaled_inv_dist_sq,logistic,true,2042,209,1514.718188818687
scaled_inv_dist_sq,logistic,true,2042,210,1583.2685220403696
scaled_inv_dist_sq,logistic,true,2042,211,1516.7128247663184
scaled_inv_dist_sq,logistic,true,2042,212,1549.2658386259045
scaled_inv_dist_sq,logistic,true,2042,213,1552.6202001385666
scaled_inv_dist_sq,logistic,true,2042,214,1468.9016343446206
scaled_inv_dist_sq,logistic,true,2042,215,1513.7889586889453
scaled_inv_dist_sq,logistic,true,2042,216,1569.7447946998216
scaled_inv_dist_sq,logistic,true,2042,217,1383.2679607814623
scaled_inv_dist_sq,logistic,true,2042,218,1706.2152330490383
scaled_inv_dist_sq,logistic,true,2042,219,1510.6153751742731
scaled_inv_dist_sq,logistic,true,2042,220,1622.5683548967818
scaled_inv_dist_sq,logistic,true,2042,221,1569.5202195186419
scaled_inv_dist_sq,logistic,true,2042,222,1555.9264271421227
scaled_inv_dist_sq,logistic,true,2042,223,1605.2221394669605
scaled_inv_dist_sq,logistic,true,2042,224,1637.8689432329334
scaled_inv_dist_sq,logistic,true,2042,225,1540.9914622593603
scaled_inv_dist_sq,logistic,true,2042,226,1492.4820215847785
scaled_inv_dist_sq,logistic,true,2042,227,1530.1492045075809
scaled_inv_dist_sq,logistic,true,2042,228,1498.5761042957547
scaled_inv_dist_sq,logistic,true,2042,229,1550.7948487227875
scaled_inv_dist_sq,logistic,true,2042,230,1547.5808690020274
scaled_inv_dist_sq,logistic,true,2042,231,1438.3782028161872
scaled_inv_dist_sq,logistic,true,2042,232,1669.88868902606
scaled_inv_dist_sq,logistic,true,2042,233,1372.4979456014603
scaled_inv_dist_sq,logistic,true,2042,234,1505.6775241228745
scaled_inv_dist_sq,logistic,true,2042,235,1521.3993396113513
scaled_inv_dist_sq,logistic,true,2042,236,1463.922709887382
scaled_inv_dist_sq,logistic,true,2042,237,1690.486536478564
scaled_inv_dist_sq,logistic,true,2042,238,1619.1652162646187
scaled_inv_dist_sq,logistic,true,2042,239,1540.3703796947837
scaled_inv_dist_sq,logistic,true,2042,240,1418.608018199411
scaled_inv_dist_sq,logistic,true,2042,241,1616.3139948145156
scaled_inv_dist_sq,logistic,true,2042,242,1549.954305814705
scaled_inv_dist_sq,logistic,true,2042,243,1682.011656542771
scaled_inv_dist_sq,logistic,true,2042,244,1381.9966894387503
scaled_inv_dist_sq,logistic,true,2042,245,1320.2628012936075
scaled_inv_dist_sq,logistic,true,2042,246,1490.3986135923128
scaled_inv_dist_sq,logistic,true,2042,247,1616.5421337261207
scaled_inv_dist_sq,logistic,true,2042,248,1438.6912487955647
scaled_inv_dist_sq,logistic,true,2042,249,1467.1905341783204
scaled_inv_dist_sq,logistic,true,2042,250,1694.7994615877242
scaled_inv_dist_sq,logistic,true,2042,251,1476.921023285597
scaled_inv_dist_sq,logistic,true,2042,252,1521.2093679202048
scaled_inv_dist_sq,logistic,true,2042,253,1483.5403165019293
scaled_inv_dist_sq,logistic,true,2042,254,1656.3377378419716
scaled_inv_dist_sq,logistic,true,2042,255,1553.023384208037
scaled_inv_dist_sq,logistic,true,2042,256,1744.0633192657808
scaled_inv_dist_sq,logistic,true,2042,257,1490.5123340883656
scaled_inv_dist_sq,logistic,true,2042,258,1405.4686969192178
scaled_inv_dist_sq,logistic,true,2042,259,1439.3141306114208
scaled_inv_dist_sq,logistic,true,2042,260,1502.9617871893697
scaled_inv_dist_sq,logistic,true,2042,261,1627.6543475174876
scaled_inv_dist_sq,logistic,true,2042,262,1416.221906717212
scaled_inv_dist_sq,logistic,true,2042,263,1534.4786751714573
scaled_inv_dist_sq,logistic,true,2042,264,1681.927553249078
scaled_inv_dist_sq,logistic,true,2042,265,1623.5937374348941
scaled_inv_dist_sq,logistic,true,2042,266,1529.5878361670525
scaled_inv_dist_sq,logistic,true,2042,267,1421.3102352335095
scaled_inv_dist_sq,logistic,true,2042,268,1527.1907272527073
scaled_inv_dist_sq,logistic,true,2042,269,1588.65790414364
scaled_inv_dist_sq,logistic,true,2042,270,1668.2986616218577
scaled_inv_dist_sq,logistic,true,2042,271,1389.7078499986299
scaled_inv_dist_sq,logistic,true,2042,272,1531.310628948699
scaled_inv_dist_sq,logistic,true,2042,273,1549.6598971456544
scaled_inv_dist_sq,logistic,true,2042,274,1470.9905607647258
scaled_inv_dist_sq,logistic,true,2042,275,1307.2023905796098
scaled_inv_dist_sq,logistic,true,2042,276,1679.3226924387666
scaled_inv_dist_sq,logistic,true,2042,277,1578.3897792043654
scaled_inv_dist_sq,logistic,true,2042,278,1532.6977637829202
scaled_inv_dist_sq,logistic,true,2042,279,1544.0358680063891
scaled_inv_dist_sq,logistic,true,2042,280,1473.6427071196676
scaled_inv_dist_sq,logistic,true,2042,281,1508.5674710128749
scaled_inv_dist_sq,logistic,true,2042,282,1549.2253307921508
scaled_inv_dist_sq,logistic,true,2042,283,1452.6724181944812
scaled_inv_dist_sq,logistic,true,2042,284,1571.5827671523505
scaled_inv_dist_sq,logistic,true,2042,285,1328.1209361032238
scaled_inv_dist_sq,logistic,true,2042,286,1559.918739078121
scaled_inv_dist_sq,logistic,true,2042,287,1453.9854358780128
scaled_inv_dist_sq,logistic,true,2042,288,1609.2778587802666
scaled_inv_dist_sq,logistic,true,2042,289,1523.49278230742
scaled_inv_dist_sq,logistic,true,2042,290,1680.5965567290812
scaled_inv_dist_sq,logistic,true,2042,291,1656.0859027645508
scaled_inv_dist_sq,logistic,true,2042,292,1553.7624462351566
inv_dist,default,false,2043,2,0.41383238664631705
inv_dist,default,false,2043,3,0.46051956747666073
inv_dist,default,false,2043,4,0.40786297790293896
inv_dist,default,false,2043,5,0.4449740404768004
inv_dist,default,false,2043,6,0.40666571532070805
inv_dist,default,false,2043,7,0.406533812369507
inv_dist,default,false,2043,8,0.3995023562128366
inv_dist,default,false,2043,9,0.3768935572679217
inv_dist,default,false,2043,10,0.39220955195047275
inv_dist,default,false,2043,11,0.39698723855673307
inv_dist,default,false,2043,12,0.42105825866188573
inv_dist,default,false,2043,13,0.4080577598216441
inv_dist,default,false,2043,14,0.4250100479514794
inv_dist,default,false,2043,15,0.3958075334143997
inv_dist,default,false,2043,16,0.39972292203762344
inv_dist,default,false,2043,17,0.4163046062769984
inv_dist,default,false,2043,18,0.3764585715674639
inv_dist,default,false,2043,19,0.3969263872135139
inv_dist,default,false,2043,20,0.4177286027728467
inv_dist,default,false,2043,21,0.3779574359618795
inv_dist,default,false,2043,22,0.41601646059197017
inv_dist,default,false,2043,23,0.42194872594505317
inv_dist,default,false,2043,24,0.4183618206333009
inv_dist,default,true,2044,2,0.4224443633930311
inv_dist,default,true,2044,3,0.4376017267859635
inv_dist,default,true,2044,4,0.39610594008313255
inv_dist,default,true,2044,5,0.4377279732175441
inv_dist,default,true,2044,6,0.4141942295469125
inv_dist,default,true,2044,7,0.38734815240383674
inv_dist,default,true,2044,8,0.3937070334279157
inv_dist,default,true,2044,9,0.41655791769290756
inv_dist,default,true,2044,10,0.4248282631183031
inv_dist,default,true,2044,11,0.3961981307222808
inv_dist,default,true,2044,12,0.3619180522035826
inv_dist,default,true,2044,13,0.44562218525567154
inv_dist,default,true,2044,14,0.39663005016001424
inv_dist,default,true,2044,15,0.3773137668441599
inv_dist,default,true,2044,16,0.39610527755634106
inv_dist,default,true,2044,17,0.40156753609042206
inv_dist,default,true,2044,18,0.4183117435105127
inv_dist,default,true,2044,19,0.40698587509184825
inv_dist,default,true,2044,20,0.4142055046113001
inv_dist,default,true,2044,21,0.4170007180800715
inv_dist,default,true,2044,22,0.41078961810777115
inv_dist,default,true,2044,23,0.41563728617509527
inv_dist,default,true,2044,24,0.4038421079889748
inv_dist,default,true,2044,25,0.4050476454561165
inv_dist,default,true,2044,26,0.39349770906558984
inv_dist,default,true,2044,27,0.42204562009563296
inv_dist,default,true,2044,28,0.4284708205727451
inv_dist,default,true,2044,29,0.43078651375492927
inv_dist,default,true,2044,30,0.3937924770658943
inv_dist,default,true,2044,31,0.42361868059677976
inv_dist,default,true,2044,32,0.40084908901948957
inv_dist,default,true,2044,33,0.40617500831390346
inv_dist,default,true,2044,34,0.39551934889554974
inv_dist,default,true,2044,35,0.38654342716464046
inv_dist,default,true,2044,36,0.43633338229067303
inv_dist,default,true,2044,37,0.4106819160262542
inv_dist,default,true,2044,38,0.3859067833946349
inv_dist,default,true,2044,39,0.4142261785376358
inv_dist,default,true,2044,40,0.42020462057401436
inv_dist,default,true,2044,41,0.43109621761822114
inv_dist,default,true,2044,42,0.3920051120360095
inv_dist,default,true,2044,43,0.4468064226351663
inv_dist,default,true,2044,44,0.4022322124352229
inv_dist,default,true,2044,45,0.3973722983345288
inv_dist,default,true,2044,46,0.45050221957991643
inv_dist,default,true,2044,47,0.42088915554422446
inv_dist,default,true,2044,48,0.4254506439031918
inv_dist,default,true,2044,49,0.40541237683586917
inv_dist,default,true,2044,50,0.40147350549374444
inv_dist,default,true,2044,51,0.3792968052942185
inv_dist,default,true,2044,52,0.41845886605042704
inv_dist,default,true,2044,53,0.4024399216739347
inv_dist,default,true,2044,54,0.43067675277539313
inv_dist,default,true,2044,55,0.4262486869096438
inv_dist,default,true,2044,56,0.4401910481033604
inv_dist,default,true,2044,57,0.4219194930370106
inv_dist,default,true,2044,58,0.4114914264163173
inv_dist,default,true,2044,59,0.41118550193143527
inv_dist,default,true,2044,60,0.4137960938469725
inv_dist,default,true,2044,61,0.38361043128082245
inv_dist,default,true,2044,62,0.42059252927474094
inv_dist,default,true,2044,63,0.4053792877734906
inv_dist,default,true,2044,64,0.39398309734718223
inv_dist,default,true,2044,65,0.4152371268001188
inv_dist,default,true,2044,66,0.3874394947396546
inv_dist,default,true,2044,67,0.40173287861708673
inv_dist,default,true,2044,68,0.4142680295029993
inv_dist,default,true,2044,69,0.39917125168329026
inv_dist,default,true,2044,70,0.4316792176417784
inv_dist,default,true,2044,71,0.3819185290113123
inv_dist,default,true,2044,72,0.41148529952133694
inv_dist,default,true,2044,73,0.41844361089562465
inv_dist,default,true,2044,74,0.44439839008536974
inv_dist,default,true,2044,75,0.40167917715223733
inv_dist,default,true,2044,76,0.3750430039575077
inv_dist,logistic,false,2045,2,0.3677005765012383
inv_dist,logistic,false,2045,3,0.3595095331587594
inv_dist,logistic,false,2045,4,0.33220755247092315
inv_dist,logistic,false,2045,5,0.3426969009230672
inv_dist,logistic,false,2045,6,0.34576211475711915
inv_dist,logistic,false,2045,7,0.3243704005873552
inv_dist,logistic,false,2045,8,0.32745866199808676
inv_dist,logistic,false,2045,9,0.3265748795810335
inv_dist,logistic,false,2045,10,0.31325508841455385
inv_dist,logistic,false,2045,11,0.31816086733511245
inv_dist,logistic,false,2045,12,0.32365416458439333
inv_dist,logistic,false,2045,13,0.30237697173784106
inv_dist,logistic,false,2045,14,0.31688947965767095
inv_dist,logistic,false,2045,15,0.3506232576051837
inv_dist,logistic,false,2045,16,0.321610856354937
inv_dist,logistic,false,2045,17,0.30941278643629205
inv_dist,logistic,false,2045,18,0.3092367029764548
inv_dist,logistic,false,2045,19,0.30044848954904346
inv_dist,logistic,false,2045,20,0.29714655186845695
inv_dist,logistic,false,2045,21,0.2936444791147286
inv_dist,logistic,false,2045,22,0.3088744788984658
inv_dist,logistic,false,2045,23,0.303851281526264
inv_dist,logistic,false,2045,24,0.30368176819075104
inv_dist,logistic,false,2045,25,0.3228390858479281
inv_dist,logistic,false,2045,26,0.316485024709019
inv_dist,logistic,false,2045,27,0.29850606538008423
inv_dist,logistic,false,2045,28,0.31895407980716867
inv_dist,logistic,false,2045,29,0.3156225921827738
inv_dist,logistic,false,2045,30,0.30537080141849515
inv_dist,logistic,false,2045,31,0.301155496473614
inv_dist,logistic,false,2045,32,0.3158466603450186
inv_dist,logistic,false,2045,33,0.3157367707244336
inv_dist,logistic,false,2045,34,0.3266729766096056
inv_dist,logistic,false,2045,35,0.3237393803375232
inv_dist,logistic,false,2045,36,0.3036300644352001
inv_dist,logistic,false,2045,37,0.6265587581664728
inv_dist,logistic,false,2045,38,0.6130871832703007
inv_dist,logistic,false,2045,39,0.34225458270103337
inv_dist,logistic,false,2045,40,0.32143532324091
inv_dist,logistic,false,2045,41,0.3007172752696481
inv_dist,logistic,false,2045,42,0.3088653745991643
inv_dist,logistic,false,2045,43,0.29943132976822057
inv_dist,logistic,false,2045,44,0.32106126968860055
inv_dist,logistic,false,2045,45,0.31791173228545205
inv_dist,logistic,false,2045,46,0.31077955775219396
inv_dist,logistic,false,2045,47,0.2956506718019768
inv_dist,logistic,false,2045,48,0.33270921703129025
inv_dist,logistic,false,2045,49,0.30349598684326845
inv_dist,logistic,false,2045,50,0.3318242662552024
inv_dist,logistic,false,2045,51,0.2983793763300427
inv_dist,logistic,false,2045,52,0.30751342217868183
inv_dist,logistic,false,2045,53,0.3109459037922799
inv_dist,logistic,false,2045,54,0.3006677408586016
inv_dist,logistic,false,2045,55,0.30760541287504894
inv_dist,logistic,false,2045,56,0.3254355256720721
inv_dist,logistic,false,2045,57,0.29887962136504315
inv_dist,logistic,false,2045,58,0.3134755144257911
inv_dist,logistic,false,2045,59,0.3282995007855067
inv_dist,logistic,false,2045,60,0.3217631003974411
inv_dist,logistic,false,2045,61,0.30339649420406256
inv_dist,logistic,false,2045,62,0.32742211979642716
inv_dist,logistic,false,2045,63,0.3115470471087294
inv_dist,logistic,false,2045,64,0.3088864515151557
inv_dist,logistic,false,2045,65,0.29959336267749787
inv_dist,logistic,false,2045,66,0.2785063962107411
inv_dist,logistic,false,2045,67,0.325105325428418
inv_dist,logistic,false,2045,68,0.3190876907641853
inv_dist,logistic,false,2045,69,0.30683932703537437
inv_dist,logistic,false,2045,70,0.3109345041086729
inv_dist,logistic,false,2045,71,0.3280599028706598
inv_dist,logistic,false,2045,72,0.30768355911518724
inv_dist,logistic,false,2045,73,0.2905771416952348
inv_dist,logistic,false,2045,74,0.3077328003252361
inv_dist,logistic,false,2045,75,0.3037877048830935
inv_dist,logistic,false,2045,76,0.32067477989237053
inv_dist,logistic,false,2045,77,0.3003119409796255
inv_dist,logistic,false,2045,78,0.30130630280451054
inv_dist,logistic,false,2045,79,0.3152329832678576
inv_dist,logistic,false,2045,80,0.3246751239019943
inv_dist,logistic,false,2045,81,0.3352169404664633
inv_dist,logistic,false,2045,82,0.3121861571011626
inv_dist,logistic,false,2045,83,0.32547560549072424
inv_dist,logistic,false,2045,84,0.31773787440036594
inv_dist,logistic,false,2045,85,0.31883727327337985
inv_dist,logistic,false,2045,86,0.2985238213247931
inv_dist,logistic,false,2045,87,0.3126578221996329
inv_dist,logistic,false,2045,88,0.3047876782878693
inv_dist,logistic,false,2045,89,0.3256814999009239
inv_dist,logistic,false,2045,90,0.325594916993733
inv_dist,logistic,false,2045,91,0.30722675508224895
inv_dist,logistic,false,2045,92,0.31762371928351646
inv_dist,logistic,false,2045,93,0.3046999760260264
inv_dist,logistic,false,2045,94,0.31852139573826516
inv_dist,logistic,false,2045,95,0.3244002153824643
inv_dist,logistic,false,2045,96,0.3075629929923102
inv_dist,logistic,false,2045,97,0.31170244720197965
inv_dist,logistic,false,2045,98,0.31034917022362085
inv_dist,logistic,false,2045,99,0.28663967624693787
inv_dist,logistic,false,2045,100,0.3207493324075877
inv_dist,logistic,false,2045,101,0.28554034454138044
inv_dist,logistic,false,2045,102,0.3098343832055765
inv_dist,logistic,false,2045,103,0.3082775044945861
inv_dist,logistic,false,2045,104,0.29759462310325707
inv_dist,logistic,false,2045,105,0.32947856348958404
inv_dist,logistic,false,2045,106,0.3143985181034332
inv_dist,logistic,false,2045,107,0.31017994981434543
inv_dist,logistic,false,2045,108,0.33633858586269555
inv_dist,logistic,false,2045,109,0.3005245557183187
inv_dist,logistic,false,2045,110,0.2993566614491083
inv_dist,logistic,false,2045,111,0.3054302931669124
inv_dist,logistic,false,2045,112,0.3148936634896942
inv_dist,logistic,false,2045,113,0.3121293269962129
inv_dist,logistic,false,2045,114,0.31602359757933984
inv_dist,logistic,false,2045,115,0.29773915831777376
inv_dist,logistic,false,2045,116,0.2924239982501243
inv_dist,logistic,false,2045,117,0.29793981694051275
inv_dist,logistic,false,2045,118,0.30401823243252746
inv_dist,logistic,false,2045,119,0.2947526786364634
inv_dist,logistic,false,2045,120,0.3070019278655883
inv_dist,logistic,false,2045,121,0.3117393627506884
inv_dist,logistic,false,2045,122,0.3164990525750861
inv_dist,logistic,false,2045,123,0.3108128134421278
inv_dist,logistic,false,2045,124,0.3147336320931058
inv_dist,logistic,false,2045,125,0.31302828258847537
inv_dist,logistic,false,2045,126,0.315181751837911
inv_dist,logistic,false,2045,127,0.31109226560116626
inv_dist,logistic,false,2045,128,0.3049999256800496
inv_dist,logistic,false,2045,129,0.31156119181876835
inv_dist,logistic,false,2045,130,0.30069234910090725
inv_dist,logistic,false,2045,131,0.3153325226513732
inv_dist,logistic,false,2045,132,0.3134389905354593
inv_dist,logistic,false,2045,133,0.3004989482775269
inv_dist,logistic,false,2045,134,0.2996587246036017
inv_dist,logistic,false,2045,135,0.3172286049159152
inv_dist,logistic,false,2045,136,0.30010944381166965
inv_dist,logistic,false,2045,137,0.3260487159113736
inv_dist,logistic,false,2045,138,0.3002063076287698
inv_dist,logistic,false,2045,139,0.3191821562499031
inv_dist,logistic,false,2045,140,0.31456936308281247
inv_dist,logistic,false,2045,141,0.29420302950729355
inv_dist,logistic,false,2045,142,0.3178943143648628
inv_dist,logistic,false,2045,143,0.3200059246525049
inv_dist,logistic,false,2045,144,0.2833129776807285
inv_dist,logistic,false,2045,145,0.3100257054156536
inv_dist,logistic,false,2045,146,0.2941038953108551
inv_dist,logistic,false,2045,147,0.30299855941024717
inv_dist,logistic,false,2045,148,0.3215887443865688
inv_dist,logistic,false,2045,149,0.3103894764921209
inv_dist,logistic,false,2045,150,0.32055844435539954
inv_dist,logistic,false,2045,151,0.327670196835228
inv_dist,logistic,false,2045,152,0.2841380926868571
inv_dist,logistic,false,2045,153,0.3231133377683857
inv_dist,logistic,false,2045,154,0.30704737446983993
inv_dist,logistic,false,2045,155,0.289536637691689
inv_dist,logistic,false,2045,156,0.3026024761058269
inv_dist,logistic,false,2045,157,0.3188045454599081
inv_dist,logistic,false,2045,158,0.32399779248497446
inv_dist,logistic,false,2045,159,0.29605827377923616
inv_dist,logistic,false,2045,160,0.3175742497264987
inv_dist,logistic,false,2045,161,0.299868261391414
inv_dist,logistic,false,2045,162,0.32872554075567867
inv_dist,logistic,false,2045,163,0.30233166646276705
inv_dist,logistic,false,2045,164,0.3130977886030051
inv_dist,logistic,false,2045,165,0.30734740742620165
inv_dist,logistic,false,2045,166,0.3132665707555556
inv_dist,logistic,false,2045,167,0.31281201134022746
inv_dist,logistic,false,2045,168,0.3291671436301009
inv_dist,logistic,false,2045,169,0.28802694309118554
inv_dist,logistic,false,2045,170,0.30235144827061533
inv_dist,logistic,false,2045,171,0.33397983181970864
inv_dist,logistic,false,2045,172,0.3134648915065488
inv_dist,logistic,false,2045,173,0.3191660978922148
inv_dist,logistic,false,2045,174,0.2866621261257809
inv_dist,logistic,false,2045,175,0.3228473138420897
inv_dist,logistic,false,2045,176,0.3201845032750581
inv_dist,logistic,false,2045,177,0.28773385284075137
inv_dist,logistic,false,2045,178,0.29410062909859885
inv_dist,logistic,false,2045,179,0.3099237187546803
inv_dist,logistic,false,2045,180,0.29916971757541466
inv_dist,logistic,true,2046,2,0.3888437824335158
inv_dist,logistic,true,2046,3,0.3811057175829268
inv_dist,logistic,true,2046,4,0.37621727468934285
inv_dist,logistic,true,2046,5,0.3938955709342032
inv_dist,logistic,true,2046,6,0.37378378592631184
inv_dist,logistic,true,2046,7,0.3763842584216568
inv_dist,logistic,true,2046,8,0.3584199229310463
inv_dist,logistic,true,2046,9,0.32556554885468714
inv_dist,logistic,true,2046,10,0.3446355674982246
inv_dist,logistic,true,2046,11,0.316570461452964
inv_dist,logistic,true,2046,12,0.3323452145964734
inv_dist,logistic,true,2046,13,0.31560824106714747
inv_dist,logistic,true,2046,14,0.3149213516158877
inv_dist,logistic,true,2046,15,0.3219786766589657
inv_dist,logistic,true,2046,16,0.30204246709557236
inv_dist,logistic,true,2046,17,0.3213367043958526
inv_dist,logistic,true,2046,18,0.34501832465100485
inv_dist,logistic,true,2046,19,0.3039567659344472
inv_dist,logistic,true,2046,20,0.32664916725948195
inv_dist,logistic,true,2046,21,0.3115610395000698
inv_dist,logistic,true,2046,22,0.3181135394308989
inv_dist,logistic,true,2046,23,0.3267572228393008
inv_dist,logistic,true,2046,24,0.33929767789226467
inv_dist,logistic,true,2046,25,0.35733848611874997
inv_dist,logistic,true,2046,26,0.3567354760694193
inv_dist,logistic,true,2046,27,0.3249047210514217
inv_dist,logistic,true,2046,28,0.3029592010504952
inv_dist,logistic,true,2046,29,0.3114236145183027
inv_dist,logistic,true,2046,30,0.3027593279935329
inv_dist,logistic,true,2046,31,0.41116939507937894
inv_dist,logistic,true,2046,32,0.434370388543545
inv_dist,logistic,true,2046,33,0.3023376259044331
inv_dist,logistic,true,2046,34,0.2938032658506942
inv_dist,logistic,true,2046,35,0.30145018681966157
inv_dist,logistic,true,2046,36,0.3245002598422182
inv_dist,logistic,true,2046,37,0.30493295490965755
inv_dist,logistic,true,2046,38,0.29890827256189817
inv_dist,logistic,true,2046,39,0.3214059185147989
inv_dist,logistic,true,2046,40,0.3172825403673939
inv_dist,logistic,true,2046,41,0.33284182937123935
inv_dist,logistic,true,2046,42,0.30330583806425876
inv_dist,logistic,true,2046,43,0.3100798635381425
inv_dist,logistic,true,2046,44,0.29542589663538027
inv_dist,logistic,true,2046,45,0.30751923447894675
inv_dist,logistic,true,2046,46,0.31461304564887077
inv_dist,logistic,true,2046,47,0.2969232847030624
inv_dist,logistic,true,2046,48,0.3107203116632761
inv_dist,logistic,true,2046,49,0.3064383107039187
inv_dist,logistic,true,2046,50,0.29009651466342634
inv_dist,logistic,true,2046,51,0.31140788473345027
inv_dist,logistic,true,2046,52,0.3102251921997373
inv_dist,logistic,true,2046,53,0.3077679829944342
inv_dist,logistic,true,2046,54,0.31647058384658416
inv_dist,logistic,true,2046,55,0.3140235779914879
inv_dist,logistic,true,2046,56,0.29949682009486556
inv_dist,logistic,true,2046,57,0.2993075609893425
inv_dist,logistic,true,2046,58,0.30874359598467205
inv_dist,logistic,true,2046,59,0.300186022746268
inv_dist,logistic,true,2046,60,0.3132556532913777
inv_dist,logistic,true,2046,61,0.3160607741830637
inv_dist,logistic,true,2046,62,0.2853449304945252
inv_dist,logistic,true,2046,63,0.3118949761384355
inv_dist,logistic,true,2046,64,0.28943035234493086
inv_dist,logistic,true,2046,65,0.29603173648482706
inv_dist,logistic,true,2046,66,0.31412978699989924
inv_dist,logistic,true,2046,67,0.30022975114475325
inv_dist,logistic,true,2046,68,0.30297927209222325
inv_dist,logistic,true,2046,69,0.2972118839036935
inv_dist,logistic,true,2046,70,0.2916333301205185
inv_dist,logistic,true,2046,71,0.29723404388301067
inv_dist,logistic,true,2046,72,0.29836941408186163
inv_dist,logistic,true,2046,73,0.28248395673236565
inv_dist,logistic,true,2046,74,0.3180626116330601
inv_dist,logistic,true,2046,75,0.2895689848687831
inv_dist,logistic,true,2046,76,0.30373199601588263
inv_dist,logistic,true,2046,77,0.3167892325865764
inv_dist,logistic,true,2046,78,0.2965872218399299
inv_dist,logistic,true,2046,79,0.29339290559367825
inv_dist,logistic,true,2046,80,0.31569553324891697
inv_dist,logistic,true,2046,81,0.31720447913896394
inv_dist,logistic,true,2046,82,0.3346011478793617
inv_dist,logistic,true,2046,83,0.3163536293009668
inv_dist,logistic,true,2046,84,0.289436973127833
inv_dist,logistic,true,2046,85,0.30324381134153344
inv_dist,logistic,true,2046,86,0.2858551805448835
inv_dist,logistic,true,2046,87,0.32153780697558737
inv_dist,logistic,true,2046,88,0.32477159742145295
inv_dist,logistic,true,2046,89,0.31788338648222714
inv_dist,logistic,true,2046,90,0.2976064259674336
inv_dist,logistic,true,2046,91,0.3195405189982659
inv_dist,logistic,true,2046,92,0.31008907577276135
inv_dist,logistic,true,2046,93,0.29598334822935485
inv_dist,logistic,true,2046,94,0.3017566324832182
inv_dist,logistic,true,2046,95,0.3152545378745337
inv_dist,logistic,true,2046,96,0.30804001073956183
inv_dist,logistic,true,2046,97,0.30690053909129517
inv_dist,logistic,true,2046,98,0.2899764682729747
inv_dist,logistic,true,2046,99,0.30488613847545776
inv_dist,logistic,true,2046,100,0.30755867323752456
inv_dist,logistic,true,2046,101,0.3008330076674737
inv_dist,logistic,true,2046,102,0.3063173477472524
inv_dist,logistic,true,2046,103,0.29715657511963567
inv_dist,logistic,true,2046,104,0.3237755328017548
inv_dist,logistic,true,2046,105,0.3453064206073304
inv_dist,logistic,true,2046,106,0.2962782087350508
inv_dist,logistic,true,2046,107,0.30772933821235243
inv_dist,logistic,true,2046,108,0.3157347617512591
inv_dist,logistic,true,2046,109,0.288883686899265
inv_dist,logistic,true,2046,110,0.2931517393848935
inv_dist,logistic,true,2046,111,0.2828799063524295
inv_dist,logistic,true,2046,112,0.3056390179847676
inv_dist,logistic,true,2046,113,0.3132438676894166
inv_dist,logistic,true,2046,114,0.3036356172877565
inv_dist,logistic,true,2046,115,0.28901219799100597
inv_dist,logistic,true,2046,116,0.3227456073860069
inv_dist,logistic,true,2046,117,0.29872087102541356
inv_dist,logistic,true,2046,118,0.3030621341510099
inv_dist,logistic,true,2046,119,0.2898466605645532
inv_dist,logistic,true,2046,120,0.3108241307707794
inv_dist,logistic,true,2046,121,0.32825289124470414
inv_dist,logistic,true,2046,122,0.3167035337911416
inv_dist,logistic,true,2046,123,0.29258633854618354
inv_dist,logistic,true,2046,124,0.3075104605590884
inv_dist,logistic,true,2046,125,0.3078612587240449
inv_dist,logistic,true,2046,126,0.3289345792757717
inv_dist,logistic,true,2046,127,0.304644022498551
inv_dist,logistic,true,2046,128,0.3108210512637465
inv_dist,logistic,true,2046,129,0.3074448484258621
inv_dist,logistic,true,2046,130,0.31054137618782063
inv_dist,logistic,true,2046,131,0.3241860337032164
inv_dist,logistic,true,2046,132,0.31128891323109764
inv_dist,logistic,true,2046,133,0.31458595081870516
inv_dist,logistic,true,2046,134,0.30522307810609584
inv_dist,logistic,true,2046,135,0.28908452957226904
inv_dist,logistic,true,2046,136,0.29556329733903197
inv_dist,logistic,true,2046,137,0.30700037946711073
inv_dist,logistic,true,2046,138,0.2984489408559614
inv_dist,logistic,true,2046,139,0.3006158672215502
inv_dist,logistic,true,2046,140,0.3294689737078863
inv_dist,logistic,true,2046,141,0.3106961634567348
inv_dist,logistic,true,2046,142,0.31272091207568925
inv_dist,logistic,true,2046,143,0.3148575213362337
inv_dist,logistic,true,2046,144,0.2986689599630531
inv_dist,logistic,true,2046,145,0.30987531202603974
inv_dist,logistic,true,2046,146,0.30404641783454245
inv_dist,logistic,true,2046,147,0.32975477706257
inv_dist,logistic,true,2046,148,0.3043607266304782
inv_dist,logistic,true,2046,149,0.30444996498659727
inv_dist,logistic,true,2046,150,0.31508439268140725
inv_dist,logistic,true,2046,151,0.29774483113720995
inv_dist,logistic,true,2046,152,0.31887704118333143
inv_dist,logistic,true,2046,153,0.3115768004830181
inv_dist,logistic,true,2046,154,0.3191032047173049
inv_dist,logistic,true,2046,155,0.3110682954257996
inv_dist,logistic,true,2046,156,0.3027316231040809
inv_dist,logistic,true,2046,157,0.31283678934818465
inv_dist,logistic,true,2046,158,0.3424579496502589
inv_dist,logistic,true,2046,159,0.2933021090547826
inv_dist,logistic,true,2046,160,0.32502801953102733
inv_dist,logistic,true,2046,161,0.31532886045428865
inv_dist,logistic,true,2046,162,0.32080078540381474
inv_dist,logistic,true,2046,163,0.3029715837906875
inv_dist,logistic,true,2046,164,0.3034419068868601
inv_dist,logistic,true,2046,165,0.289555949974502
inv_dist,logistic,true,2046,166,0.2911536336425486
inv_dist,logistic,true,2046,167,0.3137990000788431
inv_dist,logistic,true,2046,168,0.2911325514176966
inv_dist,logistic,true,2046,169,0.28790011529982934
inv_dist,logistic,true,2046,170,0.3178371096486907
inv_dist,logistic,true,2046,171,0.31708262704099505
inv_dist,logistic,true,2046,172,0.299349923165235
inv_dist,logistic,true,2046,173,0.3063487560985475
inv_dist,logistic,true,2046,174,0.30528979485683866
inv_dist,logistic,true,2046,175,0.30372692615322494
inv_dist,logistic,true,2046,176,0.3113830197063561
inv_dist,logistic,true,2046,177,0.31994764880313753
inv_dist,logistic,true,2046,178,0.3049044141550185
inv_dist,logistic,true,2046,179,0.32316294220089387
inv_dist,logistic,true,2046,180,0.3193815529226555
inv_dist,logistic,true,2046,181,0.30086883222455674
inv_dist,logistic,true,2046,182,0.3182507199711196
inv_V_small,default,false,2047,2,0.1554338833282451
inv_V_small,default,false,2047,3,0.14223667948005578
inv_V_small,default,false,2047,4,0.16550666297543823
inv_V_small,default,false,2047,5,0.1679290935128681
inv_V_small,default,false,2047,6,0.15636826896464093
inv_V_small,default,false,2047,7,0.15074452311668468
inv_V_small,default,false,2047,8,0.16189493415878597
inv_V_small,default,false,2047,9,0.1258135172380507
inv_V_small,default,false,2047,10,0.1433212583840011
inv_V_small,default,false,2047,11,0.120396535372403
inv_V_small,default,false,2047,12,0.1264242626579832
inv_V_small,default,false,2047,13,0.14516874076987424
inv_V_small,default,false,2047,14,0.1122918872568077
inv_V_small,default,false,2047,15,0.10784063404549674
inv_V_small,default,false,2047,16,0.10058903877658129
inv_V_small,default,false,2047,17,0.10192430340348939
inv_V_small,default,false,2047,18,0.09642519774331369
inv_V_small,default,false,2047,19,0.09166160987226156
inv_V_small,default,false,2047,20,0.09574120136546006
inv_V_small,default,false,2047,21,0.09358383531530362
inv_V_small,default,false,2047,22,0.09464564896466217
inv_V_small,default,false,2047,23,0.09892864486198912
inv_V_small,default,false,2047,24,0.0903407957899261
inv_V_small,default,false,2047,25,0.12485541362242515
inv_V_small,default,false,2047,26,0.04124460943603937
inv_V_small,default,false,2047,27,0.07060770842582609
inv_V_small,default,false,2047,28,0.0673770501941438
inv_V_small,default,false,2047,29,0.04248428032271824
inv_V_small,default,false,2047,30,0.05595644633773565
inv_V_small,default,false,2047,31,0.044644373140992046
inv_V_small,default,false,2047,32,0.05225476815473748
inv_V_small,default,false,2047,33,0.0169003504579846
inv_V_small,default,false,2047,34,0.07486687016583575
inv_V_small,default,false,2047,35,0.027865733371431542
inv_V_small,default,false,2047,36,0.025237629235227443
inv_V_small,default,false,2047,37,0.04129834981359553
inv_V_small,default,false,2047,38,0.02278627793719814
inv_V_small,default,false,2047,39,8.586533175431326e-5
inv_V_small,default,false,2047,40,4.572534328219522
inv_V_small,default,false,2047,41,3.950243280519513e-6
inv_V_small,default,false,2047,42,1.8776710958387931e-6
inv_V_small,default,false,2047,43,1.495066741405099e-5
inv_V_small,default,false,2047,44,1.1830022285715684e-5
inv_V_small,default,false,2047,45,1.1345195351363052e-8
inv_V_small,default,false,2047,46,0.00010937559381647874
inv_V_small,default,false,2047,47,4.6392306317916957e-8
inv_V_small,default,false,2047,48,5.483545128863998e-6
inv_V_small,default,false,2047,49,1.440379554349693e-7
inv_V_small,default,false,2047,50,5.075467269342851e-8
inv_V_small,default,false,2047,51,0.00018649341431747766
inv_V_small,default,false,2047,52,5.550798390967473e-5
inv_V_small,default,false,2047,53,2.1475830628486755e-6
inv_V_small,default,false,2047,54,4.9079579276860646e-5
inv_V_small,default,false,2047,55,5.117808412288017e-8
inv_V_small,default,false,2047,56,4.74606408412333e-7
inv_V_small,default,false,2047,57,367.62776256009266
inv_V_small,default,false,2047,58,5.088718745056812e-5
inv_V_small,default,false,2047,59,3.139210520866412e-6
inv_V_small,default,false,2047,60,8.32524834206878e-8
inv_V_small,default,false,2047,61,2.6431270808010875e-6
inv_V_small,default,false,2047,62,4.66742240666527e-5
inv_V_small,default,false,2047,63,5.3680741642788985e-5
inv_V_small,default,false,2047,64,4.7760428319450705e-5
inv_V_small,default,false,2047,65,0.00015212184129284785
inv_V_small,default,false,2047,66,4.534076171710019e-6
inv_V_small,default,false,2047,67,1.9310570944350374e-6
inv_V_small,default,false,2047,68,8.622803524235839e-5
inv_V_small,default,false,2047,69,0.0008697230494880732
inv_V_small,default,false,2047,70,9.555967966041387e-7
inv_V_small,default,false,2047,71,8.366375480684221e-5
inv_V_small,default,false,2047,72,5.966221004236724e-7
inv_V_small,default,false,2047,73,0.00016463343731887384
inv_V_small,default,false,2047,74,2.943066332921894e-7
inv_V_small,default,true,2048,2,0.14893541119386602
inv_V_small,default,true,2048,3,0.12955731669521173
inv_V_small,default,true,2048,4,0.1490626924060825
inv_V_small,default,true,2048,5,0.11960148650334834
inv_V_small,default,true,2048,6,0.12133378657538953
inv_V_small,default,true,2048,7,0.1293163537321001
inv_V_small,default,true,2048,8,0.13973595337108968
inv_V_small,default,true,2048,9,0.1000828011004157
inv_V_small,default,true,2048,10,0.12476275773686352
inv_V_small,default,true,2048,11,0.11787189783949456
inv_V_small,default,true,2048,12,0.11539729476660444
inv_V_small,default,true,2048,13,0.11566797634992876
inv_V_small,default,true,2048,14,0.09232407814381545
inv_V_small,default,true,2048,15,0.09606927763901145
inv_V_small,default,true,2048,16,0.09636208836940212
inv_V_small,default,true,2048,17,0.11750791107127441
inv_V_small,default,true,2048,18,0.10180880137377528
inv_V_small,default,true,2048,19,0.07576609683464076
inv_V_small,default,true,2048,20,0.10297952206469167
inv_V_small,default,true,2048,21,0.08487996449062934
inv_V_small,default,true,2048,22,0.1104256942825748
inv_V_small,default,true,2048,23,0.10220302491886193
inv_V_small,default,true,2048,24,0.09839694895141675
inv_V_small,default,true,2048,25,0.09567353221266234
inv_V_small,default,true,2048,26,0.09305813203304744
inv_V_small,default,true,2048,27,0.058178955150409606
inv_V_small,default,true,2048,28,0.08477068748435572
inv_V_small,default,true,2048,29,0.12359182457081146
inv_V_small,default,true,2048,30,0.11250667456383188
inv_V_small,default,true,2048,31,0.017665634124883783
inv_V_small,default,true,2048,32,1.0347961848742913
inv_V_small,default,true,2048,33,0.3903613171295345
inv_V_small,default,true,2048,34,0.42209824524389633
inv_V_small,default,true,2048,35,0.028023020844377685
inv_V_small,default,true,2048,36,0.10206987292075731
inv_V_small,default,true,2048,37,0.06056249400030885
inv_V_small,default,true,2048,38,0.5111178189820784
inv_V_small,default,true,2048,39,0.18913871206436877
inv_V_small,default,true,2048,40,0.015627752553428565
inv_V_small,default,true,2048,41,0.03972044371189499
inv_V_small,default,true,2048,42,0.008629409411768764
inv_V_small,default,true,2048,43,0.0048675765625203204
inv_V_small,default,true,2048,44,0.004845130473286314
inv_V_small,default,true,2048,45,2.1866341971517755
inv_V_small,default,true,2048,46,0.011062659243466395
inv_V_small,default,true,2048,47,0.009126150483637468
inv_V_small,default,true,2048,48,3.4085424012163323
inv_V_small,default,true,2048,49,0.006826405030891496
inv_V_small,default,true,2048,50,0.007893120830589403
inv_V_small,default,true,2048,51,1.9469398809073035
inv_V_small,default,true,2048,52,0.00425723999811183
inv_V_small,default,true,2048,53,0.0862737057958746
inv_V_small,default,true,2048,54,0.09451668902208904
inv_V_small,default,true,2048,55,0.0065124663370471365
inv_V_small,default,true,2048,56,0.03956278082175507
inv_V_small,default,true,2048,57,0.007341707353909343
inv_V_small,default,true,2048,58,1.8583472029511676
inv_V_small,default,true,2048,59,0.015353409576573402
inv_V_small,default,true,2048,60,0.011695401729527237
inv_V_small,default,true,2048,61,0.0052104129325146
inv_V_small,default,true,2048,62,0.41588290008325646
inv_V_small,default,true,2048,63,0.0099716068210645
inv_V_small,default,true,2048,64,0.004735091441056596
inv_V_small,default,true,2048,65,0.06798526637521743
inv_V_small,default,true,2048,66,0.01183180847939247
inv_V_small,default,true,2048,67,0.010669092818057445
inv_V_small,default,true,2048,68,0.010355895903064224
inv_V_small,default,true,2048,69,2.871951929045626
inv_V_small,default,true,2048,70,0.003382529367348237
inv_V_small,default,true,2048,71,0.10829674275113711
inv_V_small,default,true,2048,72,0.012130372766211274
inv_V_small,default,true,2048,73,0.0065728323717330695
inv_V_small,default,true,2048,74,0.011051856950400488
inv_V_small,default,true,2048,75,0.0075944939685529626
inv_V_small,default,true,2048,76,5.088944014844317
inv_V_small,default,true,2048,77,0.0032892783184016116
inv_V_small,default,true,2048,78,0.009056255042925053
inv_V_small,default,true,2048,79,0.3723307527847708
inv_V_small,default,true,2048,80,0.009416807985105694
inv_V_small,default,true,2048,81,0.0048823483096710136
inv_V_small,default,true,2048,82,0.004325876452557985
inv_V_small,default,true,2048,83,0.013370489438391439
inv_V_small,default,true,2048,84,0.1900778740089336
inv_V_small,default,true,2048,85,6.061214137214254
inv_V_small,default,true,2048,86,0.005455612122290233
inv_V_small,default,true,2048,87,0.007441349592496196
inv_V_small,default,true,2048,88,0.008350222559838066
inv_V_small,default,true,2048,89,0.00276010748456903
inv_V_small,default,true,2048,90,0.007857430461884253
inv_V_small,default,true,2048,91,1.8616513092396945
inv_V_small,default,true,2048,92,0.010331153137534172
inv_V_small,default,true,2048,93,0.04379382656186692
inv_V_small,default,true,2048,94,0.0025732568732925597
inv_V_small,default,true,2048,95,1.6049006710156166
inv_V_small,default,true,2048,96,0.2573551011403524
inv_V_small,default,true,2048,97,0.0035602284929356584
inv_V_small,default,true,2048,98,0.006595450184617391
inv_V_small,default,true,2048,99,0.7155419732744661
inv_V_small,default,true,2048,100,0.00561084331555848
inv_V_small,default,true,2048,101,0.009256080557802799
inv_V_small,default,true,2048,102,3.545559953740243
inv_V_small,default,true,2048,103,1.4312723251330874
inv_V_small,default,true,2048,104,0.008480856322609679
inv_V_small,default,true,2048,105,0.007532812998381653
inv_V_small,default,true,2048,106,0.01224819254546467
inv_V_small,default,true,2048,107,0.3863367633018276
inv_V_small,default,true,2048,108,2.39420398022377
inv_V_small,default,true,2048,109,0.06603820175744302
inv_V_small,default,true,2048,110,5.6172916151670735
inv_V_small,default,true,2048,111,0.008465470155716066
inv_V_small,default,true,2048,112,0.7296337070357558
inv_V_small,default,true,2048,113,0.2746388798061109
inv_V_small,default,true,2048,114,2.8017133498051723
inv_V_small,default,true,2048,115,0.007058490914139881
inv_V_small,default,true,2048,116,0.0050090145352612095
inv_V_small,default,true,2048,117,0.0799497345435256
inv_V_small,default,true,2048,118,0.011286844227218464
inv_V_small,default,true,2048,119,0.01343603234046268
inv_V_small,default,true,2048,120,0.005564080533302653
inv_V_small,default,true,2048,121,0.004766008034939374
inv_V_small,default,true,2048,122,0.007283627348724563
inv_V_small,default,true,2048,123,0.006087458217549163
inv_V_small,default,true,2048,124,0.00965145122119128
inv_V_small,default,true,2048,125,3.7065147363385083
inv_V_small,default,true,2048,126,0.00863733715450094
inv_V_small,default,true,2048,127,0.01296281388935598
inv_V_small,default,true,2048,128,0.16121876715749622
inv_V_small,default,true,2048,129,0.0062930586345303265
inv_V_small,default,true,2048,130,0.007423951857224174
inv_V_small,default,true,2048,131,3.7027542436954164
inv_V_small,default,true,2048,132,2.771569649585551
inv_V_small,default,true,2048,133,0.009065949228631628
inv_V_small,default,true,2048,134,0.012293071364570314
inv_V_small,default,true,2048,135,0.004217858521589296
inv_V_small,default,true,2048,136,0.5492044899899868
inv_V_small,default,true,2048,137,0.011832912148570693
inv_V_small,default,true,2048,138,2.404793093851818
inv_V_small,default,true,2048,139,0.0027880996673173026
inv_V_small,default,true,2048,140,0.6052569058964908
inv_V_small,default,true,2048,141,0.2971643510146257
inv_V_small,default,true,2048,142,0.6287493663097705
inv_V_small,default,true,2048,143,2.3112214321542246
inv_V_small,default,true,2048,144,0.005829720878214712
inv_V_small,default,true,2048,145,0.0035834139353532472
inv_V_small,default,true,2048,146,0.008759042885400834
inv_V_small,logistic,false,2049,2,0.16644491825305105
inv_V_small,logistic,false,2049,3,0.15930854319117826
inv_V_small,logistic,false,2049,4,0.15629715361927554
inv_V_small,logistic,false,2049,5,0.15638947801453626
inv_V_small,logistic,false,2049,6,0.13443242128780047
inv_V_small,logistic,false,2049,7,0.13850516405866709
inv_V_small,logistic,false,2049,8,0.14309676667128216
inv_V_small,logistic,false,2049,9,0.14327706136951807
inv_V_small,logistic,false,2049,10,0.13559718133485996
inv_V_small,logistic,false,2049,11,0.130302141981608
inv_V_small,logistic,false,2049,12,0.1356175932744387
inv_V_small,logistic,false,2049,13,0.14434952387972724
inv_V_small,logistic,false,2049,14,0.1439510042328258
inv_V_small,logistic,false,2049,15,0.1455703773839429
inv_V_small,logistic,false,2049,16,0.12592208388484927
inv_V_small,logistic,false,2049,17,0.13000050439414806
inv_V_small,logistic,false,2049,18,0.13905832746018904
inv_V_small,logistic,false,2049,19,0.11358037309883162
inv_V_small,logistic,false,2049,20,0.14635451689812026
inv_V_small,logistic,false,2049,21,0.12017525033347225
inv_V_small,logistic,false,2049,22,0.113413512267458
inv_V_small,logistic,false,2049,23,0.13578047311907096
inv_V_small,logistic,false,2049,24,0.1306627541191504
inv_V_small,logistic,false,2049,25,0.10125078870567611
inv_V_small,logistic,false,2049,26,0.09519431650426369
inv_V_small,logistic,false,2049,27,0.072394985325511
inv_V_small,logistic,false,2049,28,0.11949411228823312
inv_V_small,logistic,false,2049,29,0.0746921767707059
inv_V_small,logistic,false,2049,30,0.06575118285884765
inv_V_small,logistic,false,2049,31,0.10247100298733897
inv_V_small,logistic,false,2049,32,0.09963883259017811
inv_V_small,logistic,false,2049,33,0.08355815726396389
inv_V_small,logistic,false,2049,34,0.10997085187742613
inv_V_small,logistic,false,2049,35,0.09988582644058812
inv_V_small,logistic,false,2049,36,0.09694149116781009
inv_V_small,logistic,false,2049,37,0.1058772883323677
inv_V_small,logistic,false,2049,38,0.10462023202791193
inv_V_small,logistic,false,2049,39,0.12472654595772333
inv_V_small,logistic,false,2049,40,0.09098252425896894
inv_V_small,logistic,false,2049,41,0.09679434147722696
inv_V_small,logistic,false,2049,42,0.09355428016273386
inv_V_small,logistic,false,2049,43,0.09885632707542089
inv_V_small,logistic,false,2049,44,0.06424320873948182
inv_V_small,logistic,false,2049,45,0.11113597409631665
inv_V_small,logistic,false,2049,46,0.08584183867234138
inv_V_small,logistic,false,2049,47,0.08026271603569264
inv_V_small,logistic,false,2049,48,0.12056629983883381
inv_V_small,logistic,false,2049,49,0.09301128580078047
inv_V_small,logistic,false,2049,50,0.09514357679881527
inv_V_small,logistic,false,2049,51,0.08372982383962269
inv_V_small,logistic,false,2049,52,0.08078749499743869
inv_V_small,logistic,false,2049,53,0.10000043964226665
inv_V_small,logistic,false,2049,54,0.07265496725363879
inv_V_small,logistic,false,2049,55,0.08058389722181517
inv_V_small,logistic,false,2049,56,0.07258683237972732
inv_V_small,logistic,false,2049,57,0.07610835055306793
inv_V_small,logistic,false,2049,58,0.08630855142543901
inv_V_small,logistic,false,2049,59,0.08510843316251
inv_V_small,logistic,false,2049,60,0.08545903316236103
inv_V_small,logistic,false,2049,61,0.07648676279652361
inv_V_small,logistic,false,2049,62,0.1080890060124303
inv_V_small,logistic,false,2049,63,0.08746650892526162
inv_V_small,logistic,false,2049,64,0.08468051804778717
inv_V_small,logistic,false,2049,65,0.08782773177483583
inv_V_small,logistic,false,2049,66,0.09454995815809328
inv_V_small,logistic,false,2049,67,0.08510853970114356
inv_V_small,logistic,false,2049,68,0.09215390072136297
inv_V_small,logistic,false,2049,69,0.0904603935770111
inv_V_small,logistic,false,2049,70,0.08257303674441899
inv_V_small,logistic,false,2049,71,0.10251688695912314
inv_V_small,logistic,false,2049,72,0.10006689234223379
inv_V_small,logistic,false,2049,73,0.08017771995138015
inv_V_small,logistic,false,2049,74,0.07106298687097279
inv_V_small,logistic,false,2049,75,0.07670804260779496
inv_V_small,logistic,false,2049,76,0.08117573778304057
inv_V_small,logistic,false,2049,77,0.09013507484635656
inv_V_small,logistic,false,2049,78,0.08956767725198748
inv_V_small,logistic,false,2049,79,0.10684295272793551
inv_V_small,logistic,false,2049,80,0.08428182445790566
inv_V_small,logistic,false,2049,81,0.07527727933571261
inv_V_small,logistic,false,2049,82,0.07441275862055327
inv_V_small,logistic,false,2049,83,0.08932527206145884
inv_V_small,logistic,false,2049,84,0.08158221951727243
inv_V_small,logistic,false,2049,85,0.08884049466884608
inv_V_small,logistic,false,2049,86,0.08833835904157619
inv_V_small,logistic,false,2049,87,0.08915989389337876
inv_V_small,logistic,false,2049,88,0.09054161447822208
inv_V_small,logistic,false,2049,89,0.09024002685700293
inv_V_small,logistic,false,2049,90,0.09285745602112905
inv_V_small,logistic,false,2049,91,0.07946313801581154
inv_V_small,logistic,false,2049,92,0.09452127401563125
inv_V_small,logistic,false,2049,93,0.07818704910452083
inv_V_small,logistic,false,2049,94,0.08435442747266045
inv_V_small,logistic,false,2049,95,0.09254531489228826
inv_V_small,logistic,false,2049,96,0.09496043861794755
inv_V_small,logistic,false,2049,97,0.08685768126936413
inv_V_small,logistic,false,2049,98,0.0879929944049888
inv_V_small,logistic,false,2049,99,0.07943314038757576
inv_V_small,logistic,false,2049,100,0.09301952026864668
inv_V_small,logistic,false,2049,101,0.09504896896555162
inv_V_small,logistic,false,2049,102,0.09101993127044901
inv_V_small,logistic,false,2049,103,0.0806391632833595
inv_V_small,logistic,false,2049,104,0.0862523025619532
inv_V_small,logistic,false,2049,105,0.09563305485921608
inv_V_small,logistic,false,2049,106,0.09482174779450685
inv_V_small,logistic,false,2049,107,0.073550624072144
inv_V_small,logistic,false,2049,108,0.08752105763958361
inv_V_small,logistic,false,2049,109,0.08564535813996668
inv_V_small,logistic,false,2049,110,0.0738955975649066
inv_V_small,logistic,false,2049,111,0.09570167482737804
inv_V_small,logistic,false,2049,112,0.08873716806612937
inv_V_small,logistic,false,2049,113,0.10159220059233254
inv_V_small,logistic,false,2049,114,0.07292553372586398
inv_V_small,logistic,false,2049,115,0.0744962681984302
inv_V_small,logistic,false,2049,116,0.08138770952687414
inv_V_small,logistic,false,2049,117,0.09230602959552126
inv_V_small,logistic,false,2049,118,0.07596405407780948
inv_V_small,logistic,false,2049,119,0.08213931774127771
inv_V_small,logistic,false,2049,120,0.08618848328933232
inv_V_small,logistic,false,2049,121,0.0768149860824709
inv_V_small,logistic,false,2049,122,0.07505775561871451
inv_V_small,logistic,false,2049,123,0.07902095341146877
inv_V_small,logistic,false,2049,124,0.0698054501765992
inv_V_small,logistic,false,2049,125,0.07041996344751095
inv_V_small,logistic,false,2049,126,0.07383429357066013
inv_V_small,logistic,false,2049,127,0.06745985023887417
inv_V_small,logistic,false,2049,128,0.07020440411934042
inv_V_small,logistic,true,2050,2,0.12964186114333429
inv_V_small,logistic,true,2050,3,0.11538772695697608
inv_V_small,logistic,true,2050,4,0.13474895007148813
inv_V_small,logistic,true,2050,5,0.12618415670773894
inv_V_small,logistic,true,2050,6,0.1355017233720943
inv_V_small,logistic,true,2050,7,0.1614848966208006
inv_V_small,logistic,true,2050,8,0.12834811824366194
inv_V_small,logistic,true,2050,9,0.14003242031356855
inv_V_small,logistic,true,2050,10,0.13033291484157644
inv_V_small,logistic,true,2050,11,0.10087715550471683
inv_V_small,logistic,true,2050,12,0.13431316399122992
inv_V_small,logistic,true,2050,13,0.10914682693015389
inv_V_small,logistic,true,2050,14,0.11924613247891067
inv_V_small,logistic,true,2050,15,0.16547030567442542
inv_V_small,logistic,true,2050,16,0.12658342137074574
inv_V_small,logistic,true,2050,17,0.13070241718483822
inv_V_small,logistic,true,2050,18,0.15219637646104406
inv_V_small,logistic,true,2050,19,0.1156418063669935
inv_V_small,logistic,true,2050,20,0.11083334733050804
inv_V_small,logistic,true,2050,21,0.11559607879307365
inv_V_small,logistic,true,2050,22,0.1383178356506737
inv_V_small,logistic,true,2050,23,0.11906126135478123
inv_V_small,logistic,true,2050,24,0.12106601299187246
inv_V_small,logistic,true,2050,25,0.09496449035585006
inv_V_small,logistic,true,2050,26,0.07788258742075993
inv_V_small,logistic,true,2050,27,0.7178259936829148
inv_V_small,logistic,true,2050,28,0.24062778626940678
inv_V_small,logistic,true,2050,29,0.40034228604312955
inv_V_small,logistic,true,2050,30,0.023007154606657206
inv_V_small,logistic,true,2050,31,0.17851307359508628
inv_V_small,logistic,true,2050,32,0.2192943432120205
inv_V_small,logistic,true,2050,33,0.0059555308326211046
inv_V_small,logistic,true,2050,34,0.004659467054151865
inv_V_small,logistic,true,2050,35,4.160576830776581
inv_V_small,logistic,true,2050,36,0.019501467204381062
inv_V_small,logistic,true,2050,37,0.6447569776010296
inv_V_small,logistic,true,2050,38,0.0026824021825958104
inv_V_small,logistic,true,2050,39,0.002202850967840669
inv_V_small,logistic,true,2050,40,1.7013573655336398
inv_V_small,logistic,true,2050,41,0.03477596797972888
inv_V_small,logistic,true,2050,42,0.0028032666509544136
inv_V_small,logistic,true,2050,43,0.005887691865558583
inv_V_small,logistic,true,2050,44,0.040140651508018536
inv_V_small,logistic,true,2050,45,0.0032011224182804175
inv_V_small,logistic,true,2050,46,0.009634786842762923
inv_V_small,logistic,true,2050,47,0.003026455490187994
inv_V_small,logistic,true,2050,48,4.46026911254871
inv_V_small,logistic,true,2050,49,0.5812989852396847
inv_V_small,logistic,true,2050,50,0.06435343642987183
inv_V_small,logistic,true,2050,51,0.15379865341003487
inv_V_small,logistic,true,2050,52,7.460322658758788
inv_V_small,logistic,true,2050,53,2.1710619989915534
inv_V_small,logistic,true,2050,54,0.0658803368150396
inv_V_small,logistic,true,2050,55,0.02545430426603674
inv_V_small,logistic,true,2050,56,0.001013465785994644
inv_V_small,logistic,true,2050,57,0.002353418878254612
inv_V_small,logistic,true,2050,58,1.5367776437561957
inv_V_small,logistic,true,2050,59,0.007517443739520782
inv_V_small,logistic,true,2050,60,0.026690323938390853
inv_V_small,logistic,true,2050,61,0.01163996966704167
inv_V_small,logistic,true,2050,62,0.004666392882978774
inv_V_small,logistic,true,2050,63,0.0018776064384491192
inv_V_small,logistic,true,2050,64,0.0012453479357344632
inv_V_small,logistic,true,2050,65,0.09138911970299698
inv_V_small,logistic,true,2050,66,0.7961921177399398
inv_V_small,logistic,true,2050,67,0.00529949503165753
inv_V_small,logistic,true,2050,68,1.1598660654032933
inv_V_small,logistic,true,2050,69,1.7446119609122588
inv_V_small,logistic,true,2050,70,1.855882094649086
inv_V_small,logistic,true,2050,71,0.06002298715092645
inv_V_small,logistic,true,2050,72,0.04573620587059999
inv_V_small,logistic,true,2050,73,0.23761195444808705
inv_V_small,logistic,true,2050,74,0.027385674263558812
inv_V_small,logistic,true,2050,75,0.01071187609553003
inv_V_small,logistic,true,2050,76,0.053139943546955594
inv_V_small,logistic,true,2050,77,0.10022695255508032
inv_V_small,logistic,true,2050,78,0.23250020000678176
inv_V_small,logistic,true,2050,79,0.005873248167150519
inv_V_small,logistic,true,2050,80,0.004532277796074235
inv_V_small,logistic,true,2050,81,1.7539679913695696
inv_V_small,logistic,true,2050,82,0.0023798494394329105
inv_V_small,logistic,true,2050,83,0.05310333728315255
inv_V_small,logistic,true,2050,84,0.03976095939090639
inv_V_small,logistic,true,2050,85,0.053515419259008115
inv_V_small,logistic,true,2050,86,0.042120045104651505
inv_V_small,logistic,true,2050,87,0.28709883246626333
inv_V_small,logistic,true,2050,88,0.1185027346991469
inv_V_small,logistic,true,2050,89,0.11417656915394367
inv_V_small,logistic,true,2050,90,0.1545430965049912
inv_V_small,logistic,true,2050,91,0.1071307332080744
inv_V_small,logistic,true,2050,92,3.7505825552968237
inv_V_small,logistic,true,2050,93,0.05061556908087156
inv_V_small,logistic,true,2050,94,0.05035359599838454
inv_V_small,logistic,true,2050,95,0.02275100643069653
inv_V_small,logistic,true,2050,96,0.048030377174734434
inv_V_small,logistic,true,2050,97,0.05554056642701467
inv_V_small,logistic,true,2050,98,0.024216149536944644
inv_V_small,logistic,true,2050,99,0.025596732024770242
inv_V_small,logistic,true,2050,100,0.016563764190596936
inv_V_small,logistic,true,2050,101,0.02745299189363557
inv_V_small,logistic,true,2050,102,0.009805815150229229
inv_V_small,logistic,true,2050,103,0.08306237510061687
inv_V_small,logistic,true,2050,104,0.02385619090919839
inv_V_small,logistic,true,2050,105,0.7677375866865696
inv_V_small,logistic,true,2050,106,0.01597432130033702
inv_V_small,logistic,true,2050,107,1.929081913712273
inv_V_small,logistic,true,2050,108,0.005557985888547613
inv_V_small,logistic,true,2050,109,0.1965087347173258
inv_V_small,logistic,true,2050,110,1.861069265510581
inv_V_small,logistic,true,2050,111,0.004378391603045054
inv_V_small,logistic,true,2050,112,0.024730666200554766
inv_V_small,logistic,true,2050,113,0.05392060275300674
inv_V_small,logistic,true,2050,114,0.008879868414958598
inv_V_small,logistic,true,2050,115,0.007071596647284683
inv_V_small,logistic,true,2050,116,0.6518995781489869
inv_V_small,logistic,true,2050,117,0.8717036973043998
inv_V_small,logistic,true,2050,118,0.005815062900773899
inv_V_small,logistic,true,2050,119,0.008184006404614887
inv_V_small,logistic,true,2050,120,0.7921702989442168
inv_V_small,logistic,true,2050,121,0.004283865723446033
inv_V_small,logistic,true,2050,122,0.004725503867661053
inv_V_small,logistic,true,2050,123,0.08575700624058182
inv_V_small,logistic,true,2050,124,0.002059659324876727
inv_V_small,logistic,true,2050,125,0.09660025249499996
inv_V_small,logistic,true,2050,126,0.0030224076349082414
inv_V_small,logistic,true,2050,127,0.030814745782951534
inv_V_small,logistic,true,2050,128,0.08590119242746637
inv_V_small,logistic,true,2050,129,0.023071766196338016
inv_V_small,logistic,true,2050,130,0.017825656621603406
inv_V_small,logistic,true,2050,131,0.10266535347270944
inv_V_small,logistic,true,2050,132,0.007095288305805896
inv_V_small,logistic,true,2050,133,0.016207836564884826
inv_V_small,logistic,true,2050,134,0.003914844929640498
inv_V_small,logistic,true,2050,135,0.008674000419295738
inv_V_small,logistic,true,2050,136,0.0041866068302048795
inv_V_small,logistic,true,2050,137,0.01490813645809793
inv_V_small,logistic,true,2050,138,0.00807127144426702
inv_V_small,logistic,true,2050,139,0.6802461254262645
inv_V_small,logistic,true,2050,140,4.274370589297339
inv_V_small,logistic,true,2050,141,0.013186876953324584
inv_V_small,logistic,true,2050,142,0.36424646544923617
inv_V_small,logistic,true,2050,143,0.0066174137604223335
inv_V_small,logistic,true,2050,144,3.7162673538823014
inv_V_small,logistic,true,2050,145,0.0039016064341448387
inv_V_small,logistic,true,2050,146,0.003979045477723802
inv_V_small,logistic,true,2050,147,0.003728736523985128
inv_V_small,logistic,true,2050,148,0.006787253357536977
inv_V_small,logistic,true,2050,149,3.349940239070555
inv_V_small,logistic,true,2050,150,0.43359455771385014
inv_V_small,logistic,true,2050,151,0.003706517110790648
inv_V_small,logistic,true,2050,152,0.007082642560557824
inv_V_small,logistic,true,2050,153,0.004608268469550688
inv_V_small,logistic,true,2050,154,0.010372442716650722
inv_V_small,logistic,true,2050,155,0.008433737122090184
inv_V_small,logistic,true,2050,156,0.7950193762428728
inv_V_small,logistic,true,2050,157,0.006847343079775882
inv_V_small,logistic,true,2050,158,0.6904623152429393
inv_V_small,logistic,true,2050,159,0.8887584649161439
inv_V_small,logistic,true,2050,160,0.6435899530776922
inv_V_small,logistic,true,2050,161,0.3454602090358354
inv_V_small,logistic,true,2050,162,0.006772461207914663
inv_V_small,logistic,true,2050,163,0.02763155375931552
inv_V_small,logistic,true,2050,164,0.006138682996832579
inv_V_small,logistic,true,2050,165,0.00500131110876743
inv_V_small,logistic,true,2050,166,0.2641250666124596
inv_V_small,logistic,true,2050,167,0.009349283690466332
inv_V_small,logistic,true,2050,168,0.03450256903140294
inv_V_small,logistic,true,2050,169,0.15472804600170054
inv_V_small,logistic,true,2050,170,0.03494346799814704
inv_V_small,logistic,true,2050,171,1.8994201700068445
inv_V_small,logistic,true,2050,172,0.44203895320004477
inv_V_small,logistic,true,2050,173,0.016930335349714665
inv_V_small,logistic,true,2050,174,0.009170937906475458
inv_V_small,logistic,true,2050,175,0.04431669751950429
inv_V_small,logistic,true,2050,176,0.0341468021506444
inv_V_small,logistic,true,2050,177,0.00873000738777373
inv_V_small,logistic,true,2050,178,0.006970752075649443
inv_V_small,logistic,true,2050,179,0.005861856762912882
inv_V_small,logistic,true,2050,180,0.03267777354588934
inv_V_small,logistic,true,2050,181,0.006992484048914862
inv_V_small,logistic,true,2050,182,0.3208633212018287
inv_V_small,logistic,true,2050,183,0.00737253828665589
inv_V_small,logistic,true,2050,184,0.008242157821863246
inv_V_small,logistic,true,2050,185,0.0025471523885861897
inv_V_small,logistic,true,2050,186,0.009431343393696
inv_V_small,logistic,true,2050,187,0.07252649783611617
inv_V_small,logistic,true,2050,188,0.008706828320783422
inv_V_small,logistic,true,2050,189,0.025035056511857574
inv_V_small,logistic,true,2050,190,0.004312077386585858
inv_V_small,logistic,true,2050,191,1.243429591411261
inv_V_small,logistic,true,2050,192,0.9485689842706031
inv_V_small,logistic,true,2050,193,0.004772480265335402
inv_V_small,logistic,true,2050,194,0.003672701309915122
inv_V_small,logistic,true,2050,195,0.006934927757138177
inv_V_small,logistic,true,2050,196,0.30477142817787106
inv_V_small,logistic,true,2050,197,0.251278128810287
inv_V_small,logistic,true,2050,198,0.25738187339516205
inv_V_small,logistic,true,2050,199,0.012398039752427698
inv_V_small,logistic,true,2050,200,0.004069403223207412
inv_V_small,logistic,true,2050,201,0.295978740700367
inv_V_small,logistic,true,2050,202,0.18022970368549696
inv_V_small,logistic,true,2050,203,0.29162427292913806
inv_V_small,logistic,true,2050,204,0.2928495190908873
inv_V_small,logistic,true,2050,205,3.7044973688686036
inv_V_small,logistic,true,2050,206,0.024080152725175094
inv_V_small,logistic,true,2050,207,0.0076096612637141
inv_V_small,logistic,true,2050,208,0.015144638708934285
inv_V_small,logistic,true,2050,209,0.003394705613133077
inv_V_small,logistic,true,2050,210,1.4198120763862812
inv_V_small,logistic,true,2050,211,0.006799402892232692
inv_V_small,logistic,true,2050,212,0.004268085446986767
inv_V_small,logistic,true,2050,213,0.007392064075792911
inv_V_small,logistic,true,2050,214,0.005941069668428676
inv_V_small,logistic,true,2050,215,0.008956960325193693
inv_V_small,logistic,true,2050,216,0.04332339668150526
inv_V_small,logistic,true,2050,217,0.9155166264536986
inv_V_small,logistic,true,2050,218,0.011739452004138872
inv_V_small,logistic,true,2050,219,0.08566036562944994
inv_V_small,logistic,true,2050,220,0.01226360818009584
inv_V_small,logistic,true,2050,221,0.010752461706226341
inv_V_small,logistic,true,2050,222,0.007035599371094455
inv_V_small,logistic,true,2050,223,0.43378201748261147
inv_V_small,logistic,true,2050,224,0.005211807809022035
inv_V_small,logistic,true,2050,225,0.06737279450817969
inv_V_small,logistic,true,2050,226,0.010455210170554006
inv_V_small,logistic,true,2050,227,0.006007871672125278
inv_V_small,logistic,true,2050,228,0.004576723749604803
inv_V_small,logistic,true,2050,229,0.0061602629724733125
inv_V_small,logistic,true,2050,230,0.022174494469797083
inv_V_small,logistic,true,2050,231,0.012195524637295238
inv_V_small,logistic,true,2050,232,0.007017390999436985
inv_V_small,logistic,true,2050,233,0.031141519729089105
inv_V_small,logistic,true,2050,234,0.004664621852354599
inv_V_small,logistic,true,2050,235,0.005486955697583605
inv_V_small,logistic,true,2050,236,0.05336413842631355
inv_V_small,logistic,true,2050,237,0.011522735291606308
inv_V_small,logistic,true,2050,238,0.16618113754004282
inv_V_small,logistic,true,2050,239,0.04517814545366677
inv_V_small,logistic,true,2050,240,0.009997954811016941
inv_V_small,logistic,true,2050,241,0.00826377007597581
inv_V_small,logistic,true,2050,242,0.6040142220601313
inv_V_small,logistic,true,2050,243,0.33612891734793565
inv_V_small,logistic,true,2050,244,0.009512789523071637
inv_V_small,logistic,true,2050,245,0.03732355738155766
inv_V_small,logistic,true,2050,246,0.9300817349155933
inv_V_small,logistic,true,2050,247,0.056806707465306895
inv_V_small,logistic,true,2050,248,0.006790482285200289
inv_V_small,logistic,true,2050,249,0.006767642468451894
inv_V_small,logistic,true,2050,250,0.11572400514837315
inv_V_small,logistic,true,2050,251,0.002119733986163206
inv_V_small,logistic,true,2050,252,0.28011969876715315
inv_V_small,logistic,true,2050,253,0.006648472589341021
inv_V_small,logistic,true,2050,254,1.799603664827373
inv_V_small,logistic,true,2050,255,0.17035777647036507
inv_V_small,logistic,true,2050,256,1.1804082615761111
inv_V_small,logistic,true,2050,257,0.006196471670234174
inv_V_small,logistic,true,2050,258,1.671039366628689
inv_V_small,logistic,true,2050,259,0.008487536499860811
inv_V_small,logistic,true,2050,260,0.4451032743674949
inv_V_small,logistic,true,2050,261,1.9710966035843458
inv_V_small,logistic,true,2050,262,0.006140467173280793
inv_V_small,logistic,true,2050,263,0.002694653231045767
inv_V_small,logistic,true,2050,264,0.7448528670936205
inv_V_small,logistic,true,2050,265,0.00491839390171502
inv_V_small,logistic,true,2050,266,0.008859160940084806
inv_V_rho,default,false,2051,2,0.06872505074397438
inv_V_rho,default,false,2051,3,0.06802607290717833
inv_V_rho,default,false,2051,4,0.060130446711491196
inv_V_rho,default,false,2051,5,0.07315799863928533
inv_V_rho,default,false,2051,6,0.06823255871392918
inv_V_rho,default,false,2051,7,0.10563678913721279
inv_V_rho,default,false,2051,8,0.06518084887078376
inv_V_rho,default,false,2051,9,0.0880513549176914
inv_V_rho,default,false,2051,10,0.09493741015159782
inv_V_rho,default,false,2051,11,0.15635696741587132
inv_V_rho,default,false,2051,12,0.09649032114840889
inv_V_rho,default,false,2051,13,0.09205970282854217
inv_V_rho,default,false,2051,14,0.1272298378975599
inv_V_rho,default,false,2051,15,0.09353371600455263
inv_V_rho,default,false,2051,16,0.09629252935177268
inv_V_rho,default,false,2051,17,0.11406933214095522
inv_V_rho,default,false,2051,18,0.0765284480834329
inv_V_rho,default,false,2051,19,0.09483032807153564
inv_V_rho,default,false,2051,20,0.08587359674550905
inv_V_rho,default,false,2051,21,0.10643475938820021
inv_V_rho,default,false,2051,22,0.12332492367580702
inv_V_rho,default,false,2051,23,0.12286942452410218
inv_V_rho,default,false,2051,24,0.06383955504822203
inv_V_rho,default,false,2051,25,0.04442896506155884
inv_V_rho,default,false,2051,26,0.06399276062659068
inv_V_rho,default,false,2051,27,0.06380492814928718
inv_V_rho,default,false,2051,28,0.0696872730982055
inv_V_rho,default,false,2051,29,0.08477934065009493
inv_V_rho,default,false,2051,30,0.08633131781816245
inv_V_rho,default,false,2051,31,0.10886335386917535
inv_V_rho,default,false,2051,32,0.09572057663998199
inv_V_rho,default,false,2051,33,0.08596299109168595
inv_V_rho,default,false,2051,34,0.08135567084295998
inv_V_rho,default,false,2051,35,0.058278906471060286
inv_V_rho,default,false,2051,36,0.058656947242554096
inv_V_rho,default,false,2051,37,0.09287100092499896
inv_V_rho,default,false,2051,38,0.10265389966865156
inv_V_rho,default,false,2051,39,0.09897345861762497
inv_V_rho,default,false,2051,40,0.07775271989771275
inv_V_rho,default,false,2051,41,0.06344528288621162
inv_V_rho,default,false,2051,42,0.0765774256901567
inv_V_rho,default,false,2051,43,0.05249470779787156
inv_V_rho,default,false,2051,44,0.055255659288025186
inv_V_rho,default,false,2051,45,0.0817667486730239
inv_V_rho,default,false,2051,46,0.09806715007644257
inv_V_rho,default,false,2051,47,0.08937640227556273
inv_V_rho,default,false,2051,48,0.07045951966677527
inv_V_rho,default,false,2051,49,0.09823469555944134
inv_V_rho,default,false,2051,50,0.06045639627722915
inv_V_rho,default,false,2051,51,0.08666211530989648
inv_V_rho,default,false,2051,52,0.06707677079458818
inv_V_rho,default,false,2051,53,0.08198434790705564
inv_V_rho,default,false,2051,54,0.09139447575789675
inv_V_rho,default,false,2051,55,0.0912061467783957
inv_V_rho,default,false,2051,56,0.05954229892826864
inv_V_rho,default,false,2051,57,0.056324982052247896
inv_V_rho,default,false,2051,58,0.053265461701332124
inv_V_rho,default,false,2051,59,0.08722064017520004
inv_V_rho,default,false,2051,60,0.10253628492205036
inv_V_rho,default,false,2051,61,0.08725645785386277
inv_V_rho,default,false,2051,62,0.0932023041583019
inv_V_rho,default,false,2051,63,0.04034770123553193
inv_V_rho,default,false,2051,64,0.15235171648080034
inv_V_rho,default,false,2051,65,0.11338083809290955
inv_V_rho,default,false,2051,66,0.09903023066223468
inv_V_rho,default,false,2051,67,0.11453255594095481
inv_V_rho,default,false,2051,68,0.07542213484964097
inv_V_rho,default,false,2051,69,0.022909251341637425
inv_V_rho,default,false,2051,70,0.14217836934311098
inv_V_rho,default,false,2051,71,0.2722673911743073
inv_V_rho,default,false,2051,72,0.17137897059809712
inv_V_rho,default,false,2051,73,0.2249732816117853
inv_V_rho,default,false,2051,74,0.02225046966413604
inv_V_rho,default,false,2051,75,0.029451372530054528
inv_V_rho,default,false,2051,76,0.04483118639670906
inv_V_rho,default,false,2051,77,0.13917958047988152
inv_V_rho,default,false,2051,78,0.02198700034315463
inv_V_rho,default,false,2051,79,0.03087845531876659
inv_V_rho,default,false,2051,80,0.037577537659926816
inv_V_rho,default,false,2051,81,0.01822164325427623
inv_V_rho,default,false,2051,82,0.019660179561513953
inv_V_rho,default,false,2051,83,0.2909925704813017
inv_V_rho,default,false,2051,84,0.3395762690734369
inv_V_rho,default,false,2051,85,0.17730780269383328
inv_V_rho,default,false,2051,86,0.03388892228291685
inv_V_rho,default,false,2051,87,0.057298513855204694
inv_V_rho,default,false,2051,88,0.057834391533052636
inv_V_rho,default,false,2051,89,0.03692119885631755
inv_V_rho,default,false,2051,90,0.18462295552520683
inv_V_rho,default,false,2051,91,0.08843936613937098
inv_V_rho,default,false,2051,92,0.13951893256490092
inv_V_rho,default,false,2051,93,0.2669135325927366
inv_V_rho,default,false,2051,94,0.11005259414191713
inv_V_rho,default,false,2051,95,0.02141218365997866
inv_V_rho,default,false,2051,96,0.0760124411321796
inv_V_rho,default,false,2051,97,0.2684906653990068
inv_V_rho,default,false,2051,98,0.10694775708821534
inv_V_rho,default,false,2051,99,0.09913932992200072
inv_V_rho,default,false,2051,100,0.2147027052416674
inv_V_rho,default,false,2051,101,0.22314667770914304
inv_V_rho,default,false,2051,102,0.05969531454593306
inv_V_rho,default,false,2051,103,0.26969456201387504
inv_V_rho,default,false,2051,104,0.05669626348695778
inv_V_rho,default,false,2051,105,0.17805791481146963
inv_V_rho,default,false,2051,106,0.11481848718468285
inv_V_rho,default,false,2051,107,0.0942125859437553
inv_V_rho,default,false,2051,108,0.06979567745697643
inv_V_rho,default,false,2051,109,0.026808095463299077
inv_V_rho,default,false,2051,110,0.038301873989619394
inv_V_rho,default,false,2051,111,0.1504327019660167
inv_V_rho,default,false,2051,112,0.09068773209789355
inv_V_rho,default,false,2051,113,0.2851504684390861
inv_V_rho,default,false,2051,114,0.0997618447172888
inv_V_rho,default,false,2051,115,0.03403919423347075
inv_V_rho,default,false,2051,116,0.05470204256241609
inv_V_rho,default,false,2051,117,0.04396942898796826
inv_V_rho,default,false,2051,118,0.12937198980101564
inv_V_rho,default,false,2051,119,0.021700647585706466
inv_V_rho,default,false,2051,120,0.3066899180816399
inv_V_rho,default,false,2051,121,0.07088285233702656
inv_V_rho,default,false,2051,122,0.030770372990011337
inv_V_rho,default,false,2051,123,0.19271591207444363
inv_V_rho,default,false,2051,124,0.23247257839210655
inv_V_rho,default,false,2051,125,0.24637455003201675
inv_V_rho,default,false,2051,126,0.08527904275750046
inv_V_rho,default,true,2052,2,0.08716120275838328
inv_V_rho,default,true,2052,3,0.07723987975866926
inv_V_rho,default,true,2052,4,0.07023582592311434
inv_V_rho,default,true,2052,5,0.07473387222493792
inv_V_rho,default,true,2052,6,0.0657048727484998
inv_V_rho,default,true,2052,7,0.06620852657144347
inv_V_rho,default,true,2052,8,0.06618729028144159
inv_V_rho,default,true,2052,9,0.06727522395453484
inv_V_rho,default,true,2052,10,0.0636357965544085
inv_V_rho,default,true,2052,11,0.06673833567743387
inv_V_rho,default,true,2052,12,0.0636760601379156
inv_V_rho,default,true,2052,13,0.06298569555575954
inv_V_rho,default,true,2052,14,0.06342187360759331
inv_V_rho,default,true,2052,15,0.061168983291993766
inv_V_rho,default,true,2052,16,0.05889611825586545
inv_V_rho,default,true,2052,17,0.06146811442595439
inv_V_rho,default,true,2052,18,0.06646581996899215
inv_V_rho,default,true,2052,19,0.06419381697451719
inv_V_rho,default,true,2052,20,0.06430579710317341
inv_V_rho,default,true,2052,21,0.06046127002701305
inv_V_rho,default,true,2052,22,0.06887659366192603
inv_V_rho,default,true,2052,23,0.06554409137437385
inv_V_rho,default,true,2052,24,0.06300810856870769
inv_V_rho,default,true,2052,25,0.062173928356055466
inv_V_rho,default,true,2052,26,0.06179970551931262
inv_V_rho,default,true,2052,27,0.04963706716900617
inv_V_rho,default,true,2052,28,0.06116875861971144
inv_V_rho,default,true,2052,29,0.054403261032885945
inv_V_rho,default,true,2052,30,0.030833166007537202
inv_V_rho,default,true,2052,31,0.016835727857255383
inv_V_rho,default,true,2052,32,0.2624960175198479
inv_V_rho,default,true,2052,33,0.5172445972419103
inv_V_rho,default,true,2052,34,0.0017761535381980312
inv_V_rho,default,true,2052,35,0.005106325951659369
inv_V_rho,default,true,2052,36,0.0035177296075903416
inv_V_rho,default,true,2052,37,0.4568763572050478
inv_V_rho,default,true,2052,38,0.0036044582872698165
inv_V_rho,default,true,2052,39,0.0002498264064636154
inv_V_rho,default,true,2052,40,4.9342600495152e-7
inv_V_rho,default,true,2052,41,6.621848302726398e-7
inv_V_rho,default,true,2052,42,8.403480972102617e-6
inv_V_rho,default,true,2052,43,4.0577743455758615e-7
inv_V_rho,default,true,2052,44,1.6119583724353477e-5
inv_V_rho,default,true,2052,45,1.1443198538111899e-5
inv_V_rho,default,true,2052,46,5.63895854850724e-8
inv_V_rho,default,true,2052,47,0.00020639107443551756
inv_V_rho,default,true,2052,48,0.0001230543030743488
inv_V_rho,default,true,2052,49,2.912186244233366e-7
inv_V_rho,default,true,2052,50,6.713698273400913e-6
inv_V_rho,default,true,2052,51,1.302963448716188e-6
inv_V_rho,default,true,2052,52,3.065684256428253e-7
inv_V_rho,default,true,2052,53,3.262467597477218e-5
inv_V_rho,default,true,2052,54,8.147733356182541e-5
inv_V_rho,default,true,2052,55,4.954091963152145e-8
inv_V_rho,default,true,2052,56,2.438903752786399e-5
inv_V_rho,default,true,2052,57,8.6569751725307e-6
inv_V_rho,default,true,2052,58,7.717128034613157e-6
inv_V_rho,default,true,2052,59,0.0005489697361269151
inv_V_rho,default,true,2052,60,1.5841074425114356e-6
inv_V_rho,default,true,2052,61,1.1800294664139538e-6
inv_V_rho,default,true,2052,62,83.85397679329941
inv_V_rho,default,true,2052,63,5.199894694937837e-5
inv_V_rho,default,true,2052,64,1.6716202593857353e-6
inv_V_rho,default,true,2052,65,0.0005818600121866012
inv_V_rho,default,true,2052,66,0.00010102711242569994
inv_V_rho,default,true,2052,67,8.396537597725015e-7
inv_V_rho,default,true,2052,68,0.00011669751115816054
inv_V_rho,default,true,2052,69,0.00032579790394344967
inv_V_rho,default,true,2052,70,1.998342098195249e-6
inv_V_rho,default,true,2052,71,24051.606097546184
inv_V_rho,default,true,2052,72,2.2331582444227756e-5
inv_V_rho,default,true,2052,73,0.00043816904357936004
inv_V_rho,default,true,2052,74,3.7280051383709762e-6
inv_V_rho,default,true,2052,75,5.750562001544075e-7
inv_V_rho,default,true,2052,76,9.77520011777067e-8
inv_V_rho,default,true,2052,77,7.511442902737097e-5
inv_V_rho,default,true,2052,78,3.465367798138718e-5
inv_V_rho,default,true,2052,79,2.908875915625886e-7
inv_V_rho,default,true,2052,80,4.85135391902232e-7
inv_V_rho,default,true,2052,81,9.868798978333013e-8
inv_V_rho,default,true,2052,82,1.9119528615066116e-5
inv_V_rho,default,true,2052,83,1.6175047328517266e-6
inv_V_rho,default,true,2052,84,2.8478755511696294e-7
inv_V_rho,default,true,2052,85,1.1539241633980154e-6
inv_V_rho,default,true,2052,86,965.4576492553537
inv_V_rho,default,true,2052,87,2.2949216219806026e-6
inv_V_rho,default,true,2052,88,8.163338997468255e-8
inv_V_rho,default,true,2052,89,1.994077155806261e-6
inv_V_rho,default,true,2052,90,9.81934505192605e-5
inv_V_rho,default,true,2052,91,2.9381700185326537e-6
inv_V_rho,default,true,2052,92,2.8758046995526118e-6
inv_V_rho,default,true,2052,93,1.73497723164908e-6
inv_V_rho,default,true,2052,94,6.107811921288287e-5
inv_V_rho,default,true,2052,95,5.7485986608722814e-6
inv_V_rho,default,true,2052,96,2.646370001791382e-5
inv_V_rho,default,true,2052,97,442.55955150456305
inv_V_rho,default,true,2052,98,1.5879120886401602e-5
inv_V_rho,default,true,2052,99,1.3837071454445716e-5
inv_V_rho,default,true,2052,100,7.58618656451025e-6
inv_V_rho,default,true,2052,101,1.7845028700299142e-7
inv_V_rho,default,true,2052,102,0.00010497139681587995
inv_V_rho,default,true,2052,103,5.789943313448207e-6
inv_V_rho,default,true,2052,104,1.053890689749019e-6
inv_V_rho,default,true,2052,105,0.0007703100184848205
inv_V_rho,default,true,2052,106,24019.864336614348
inv_V_rho,default,true,2052,107,2.031752687651979e-6
inv_V_rho,default,true,2052,108,1.9714962392636052e-6
inv_V_rho,default,true,2052,109,2.3337418493524816e-6
inv_V_rho,default,true,2052,110,4.598485389024984e-6
inv_V_rho,default,true,2052,111,9.770792047124451e-8
inv_V_rho,default,true,2052,112,3.192637975938166e-5
inv_V_rho,default,true,2052,113,4875.716987241634
inv_V_rho,default,true,2052,114,1.068322946887017e-7
inv_V_rho,default,true,2052,115,2.145218256350956e-5
inv_V_rho,default,true,2052,116,6.63112510145022e-7
inv_V_rho,default,true,2052,117,1.0402361111215833e-7
inv_V_rho,default,true,2052,118,4.8637045105871024e-6
inv_V_rho,default,true,2052,119,5.417878901599675e-7
inv_V_rho,default,true,2052,120,0.00033684557082195725
inv_V_rho,default,true,2052,121,2.7112752107298086e-7
inv_V_rho,default,true,2052,122,0.000548532891972579
inv_V_rho,default,true,2052,123,0.0001600995513668353
inv_V_rho,default,true,2052,124,0.0004948964979442202
inv_V_rho,default,true,2052,125,1.6226539150134175e-7
inv_V_rho,default,true,2052,126,0.00017721714830220203
inv_V_rho,default,true,2052,127,8.64499889085884e-5
inv_V_rho,default,true,2052,128,3.298501314811311e-5
inv_V_rho,default,true,2052,129,8.770222768853972e-5
inv_V_rho,default,true,2052,130,4.0837180790906486e-7
inv_V_rho,default,true,2052,131,0.0003089352113178343
inv_V_rho,default,true,2052,132,4.704102992810951e-7
inv_V_rho,logistic,false,2053,2,0.059496326612816966
inv_V_rho,logistic,false,2053,3,0.0635210368783327
inv_V_rho,logistic,false,2053,4,0.0627671348218646
inv_V_rho,logistic,false,2053,5,0.06473095242646291
inv_V_rho,logistic,false,2053,6,0.058230576497772774
inv_V_rho,logistic,false,2053,7,0.058337516736443176
inv_V_rho,logistic,false,2053,8,0.059012327271971865
inv_V_rho,logistic,false,2053,9,0.06069983136643019
inv_V_rho,logistic,false,2053,10,0.06146251993335996
inv_V_rho,logistic,false,2053,11,0.06492736971032957
inv_V_rho,logistic,false,2053,12,0.06209528822064564
inv_V_rho,logistic,false,2053,13,0.06098231717887563
inv_V_rho,logistic,false,2053,14,0.05746080704641178
inv_V_rho,logistic,false,2053,15,0.05866564557452622
inv_V_rho,logistic,false,2053,16,0.058357509993262814
inv_V_rho,logistic,false,2053,17,0.058374598202582485
inv_V_rho,logistic,false,2053,18,0.05872694492190056
inv_V_rho,logistic,false,2053,19,0.05918518010408813
inv_V_rho,logistic,false,2053,20,0.057881930256854855
inv_V_rho,logistic,false,2053,21,0.05331829654460964
inv_V_rho,logistic,false,2053,22,0.05229310075749908
inv_V_rho,logistic,false,2053,23,0.060401619863482386
inv_V_rho,logistic,false,2053,24,0.06023853482361534
inv_V_rho,logistic,false,2053,25,0.05645695739513226
inv_V_rho,logistic,false,2053,26,0.06001026282865819
inv_V_rho,logistic,false,2053,27,0.054511016814300504
inv_V_rho,logistic,false,2053,28,0.047737949215925515
inv_V_rho,logistic,false,2053,29,0.05695450381530631
inv_V_rho,logistic,false,2053,30,0.059891295103836464
inv_V_rho,logistic,false,2053,31,0.04933122061463166
inv_V_rho,logistic,false,2053,32,0.05193171632351856
inv_V_rho,logistic,false,2053,33,0.05092765335370514
inv_V_rho,logistic,false,2053,34,0.05431119795121043
inv_V_rho,logistic,false,2053,35,0.04936748326163574
inv_V_rho,logistic,false,2053,36,0.043001969448238433
inv_V_rho,logistic,false,2053,37,0.05089319048103732
inv_V_rho,logistic,false,2053,38,0.04669588344121973
inv_V_rho,logistic,false,2053,39,0.05010986874765862
inv_V_rho,logistic,false,2053,40,0.04787155168264198
inv_V_rho,logistic,false,2053,41,0.052369188110446226
inv_V_rho,logistic,false,2053,42,0.05016814461656072
inv_V_rho,logistic,false,2053,43,0.050311830780424276
inv_V_rho,logistic,false,2053,44,0.04993881216082364
inv_V_rho,logistic,false,2053,45,0.05330666885593002
inv_V_rho,logistic,false,2053,46,0.05369806725948985
inv_V_rho,logistic,false,2053,47,0.049788648198356024
inv_V_rho,logistic,false,2053,48,0.04945203962304886
inv_V_rho,logistic,false,2053,49,0.04557299887378747
inv_V_rho,logistic,false,2053,50,0.05272441195596305
inv_V_rho,logistic,false,2053,51,0.046873179048754585
inv_V_rho,logistic,false,2053,52,0.05024897649914025
inv_V_rho,logistic,false,2053,53,0.0513994832005366
inv_V_rho,logistic,false,2053,54,0.045798864114661275
inv_V_rho,logistic,false,2053,55,0.04806695239306761
inv_V_rho,logistic,false,2053,56,0.05189896283366128
inv_V_rho,logistic,false,2053,57,0.05061685623841187
inv_V_rho,logistic,false,2053,58,0.0502736183861797
inv_V_rho,logistic,false,2053,59,0.05093629222210812
inv_V_rho,logistic,false,2053,60,0.048185054998302876
inv_V_rho,logistic,false,2053,61,0.05188159595089876
inv_V_rho,logistic,false,2053,62,0.06199066392062948
inv_V_rho,logistic,false,2053,63,0.05414204750102794
inv_V_rho,logistic,false,2053,64,0.05002957937750652
inv_V_rho,logistic,false,2053,65,0.05112933190193304
inv_V_rho,logistic,false,2053,66,0.052805010328284156
inv_V_rho,logistic,false,2053,67,0.056306429975615274
inv_V_rho,logistic,false,2053,68,0.04799705406223661
inv_V_rho,logistic,false,2053,69,0.050903721104698874
inv_V_rho,logistic,false,2053,70,0.056113162922035206
inv_V_rho,logistic,false,2053,71,0.0535598212857401
inv_V_rho,logistic,false,2053,72,0.04826044863939588
inv_V_rho,logistic,false,2053,73,0.04910166528046533
inv_V_rho,logistic,false,2053,74,0.048745966071034756
inv_V_rho,logistic,false,2053,75,0.046934525836627286
inv_V_rho,logistic,false,2053,76,0.05766274635598845
inv_V_rho,logistic,false,2053,77,0.050093710948016575
inv_V_rho,logistic,false,2053,78,0.052851079384563585
inv_V_rho,logistic,false,2053,79,0.04693950550121349
inv_V_rho,logistic,false,2053,80,0.05418921264930943
inv_V_rho,logistic,false,2053,81,0.04721514779629259
inv_V_rho,logistic,false,2053,82,0.055871696547014585
inv_V_rho,logistic,false,2053,83,0.05392655078874656
inv_V_rho,logistic,false,2053,84,0.05254918698085258
inv_V_rho,logistic,false,2053,85,0.05142336796645196
inv_V_rho,logistic,false,2053,86,0.047269500071376834
inv_V_rho,logistic,false,2053,87,0.0548962669138749
inv_V_rho,logistic,false,2053,88,0.047020500513352506
inv_V_rho,logistic,false,2053,89,0.05212902571485216
inv_V_rho,logistic,false,2053,90,0.04705834006663639
inv_V_rho,logistic,false,2053,91,0.056352814708556145
inv_V_rho,logistic,false,2053,92,0.0459787593189327
inv_V_rho,logistic,false,2053,93,0.047356990797114154
inv_V_rho,logistic,false,2053,94,0.04757084586121195
inv_V_rho,logistic,false,2053,95,0.04611769757641007
inv_V_rho,logistic,false,2053,96,0.05404920324262658
inv_V_rho,logistic,false,2053,97,0.0501415498640658
inv_V_rho,logistic,false,2053,98,0.05186022423929114
inv_V_rho,logistic,false,2053,99,0.05949231295646561
inv_V_rho,logistic,false,2053,100,0.05945072037401186
inv_V_rho,logistic,false,2053,101,0.05788075912391149
inv_V_rho,logistic,false,2053,102,0.050329546084984106
inv_V_rho,logistic,false,2053,103,0.05534141752982667
inv_V_rho,logistic,false,2053,104,0.0474302937021991
inv_V_rho,logistic,false,2053,105,0.056636035558741
inv_V_rho,logistic,false,2053,106,0.04959588438732797
inv_V_rho,logistic,false,2053,107,0.04854158949097555
inv_V_rho,logistic,false,2053,108,0.048472085873021056
inv_V_rho,logistic,false,2053,109,0.05303739164966022
inv_V_rho,logistic,false,2053,110,0.0467506961378752
inv_V_rho,logistic,false,2053,111,0.05019502942741021
inv_V_rho,logistic,false,2053,112,0.052662569120631594
inv_V_rho,logistic,false,2053,113,0.054175458334146595
inv_V_rho,logistic,false,2053,114,0.054425136602873875
inv_V_rho,logistic,false,2053,115,0.0502498612720575
inv_V_rho,logistic,false,2053,116,0.04901123234538334
inv_V_rho,logistic,false,2053,117,0.051191445939166975
inv_V_rho,logistic,false,2053,118,0.04920057491177838
inv_V_rho,logistic,false,2053,119,0.046420960764204974
inv_V_rho,logistic,false,2053,120,0.05376990085181525
inv_V_rho,logistic,false,2053,121,0.0488765355778199
inv_V_rho,logistic,false,2053,122,0.052937597993642366
inv_V_rho,logistic,false,2053,123,0.04943598242029629
inv_V_rho,logistic,false,2053,124,0.05786750937715525
inv_V_rho,logistic,false,2053,125,0.052677268599852216
inv_V_rho,logistic,false,2053,126,0.05026476180678531
inv_V_rho,logistic,false,2053,127,0.04679461284158187
inv_V_rho,logistic,false,2053,128,0.04954247657962873
inv_V_rho,logistic,false,2053,129,0.051014275928258315
inv_V_rho,logistic,false,2053,130,0.05199441464160173
inv_V_rho,logistic,false,2053,131,0.0486377741594193
inv_V_rho,logistic,false,2053,132,0.05226851150024249
inv_V_rho,logistic,false,2053,133,0.047332407160293834
inv_V_rho,logistic,false,2053,134,0.05112768552925098
inv_V_rho,logistic,false,2053,135,0.050983549690734986
inv_V_rho,logistic,false,2053,136,0.06111772315403213
inv_V_rho,logistic,false,2053,137,0.055282815940484197
inv_V_rho,logistic,false,2053,138,0.04670815998176766
inv_V_rho,logistic,false,2053,139,0.04824551596833594
inv_V_rho,logistic,false,2053,140,0.04944367995627076
inv_V_rho,logistic,false,2053,141,0.05064247419826691
inv_V_rho,logistic,false,2053,142,0.051512434148805714
inv_V_rho,logistic,false,2053,143,0.04905077818416992
inv_V_rho,logistic,false,2053,144,0.05762778327657149
inv_V_rho,logistic,false,2053,145,0.045194060750241044
inv_V_rho,logistic,false,2053,146,0.04834226900835581
inv_V_rho,logistic,false,2053,147,0.05025276610865456
inv_V_rho,logistic,false,2053,148,0.04974570285921308
inv_V_rho,logistic,false,2053,149,0.046026156621717745
inv_V_rho,logistic,false,2053,150,0.05295292840033151
inv_V_rho,logistic,false,2053,151,0.052788925928242574
inv_V_rho,logistic,false,2053,152,0.057202595357718926
inv_V_rho,logistic,false,2053,153,0.05640343630550977
inv_V_rho,logistic,false,2053,154,0.05342631014012901
inv_V_clipped,default,false,2055,2,0.15805781116409579
inv_V_clipped,default,false,2055,3,0.15042821378558363
inv_V_clipped,default,false,2055,4,0.17348397435279145
inv_V_clipped,default,false,2055,5,0.1667988942603351
inv_V_clipped,default,false,2055,6,0.21076333894008156
inv_V_clipped,default,false,2055,7,0.20211061498404587
inv_V_clipped,default,false,2055,8,0.18902308270878546
inv_V_clipped,default,false,2055,9,0.16405329779124705
inv_V_clipped,default,false,2055,10,0.16441660310127487
inv_V_clipped,default,false,2055,11,0.12914517038822368
inv_V_clipped,default,false,2055,12,0.1614316791648862
inv_V_clipped,default,false,2055,13,0.1735223150043972
inv_V_clipped,default,false,2055,14,0.158633684179608
inv_V_clipped,default,false,2055,15,0.15963959620583124
inv_V_clipped,default,false,2055,16,0.17966365917534804
inv_V_clipped,default,false,2055,17,0.15865183517822568
inv_V_clipped,default,false,2055,18,0.1412908887356319
inv_V_clipped,default,false,2055,19,0.2007748577301156
inv_V_clipped,default,false,2055,20,0.1619444135209056
inv_V_clipped,default,false,2055,21,0.1484143789092493
inv_V_clipped,default,false,2055,22,0.173828350291502
inv_V_clipped,default,false,2055,23,0.1693794162046171
inv_V_clipped,default,false,2055,24,0.18991696055183116
inv_V_clipped,default,false,2055,25,0.44024271714762275
inv_V_clipped,default,false,2055,26,0.1370428383315735
inv_V_clipped,default,false,2055,27,0.24589073558218577
inv_V_clipped,default,false,2055,28,0.2088366676778365
inv_V_clipped,default,false,2055,29,0.18768353709717966
inv_V_clipped,default,false,2055,30,0.15925618494893323
inv_V_clipped,default,false,2055,31,0.14639266094989556
inv_V_clipped,default,false,2055,32,0.1973092579815121
inv_V_clipped,default,false,2055,33,0.07375412231695928
inv_V_clipped,default,false,2055,34,0.027590958614162588
inv_V_clipped,default,false,2055,35,2.4906273170507087
inv_V_clipped,default,false,2055,36,0.009442654999927013
inv_V_clipped,default,false,2055,37,0.09630175881487946
inv_V_clipped,default,false,2055,38,0.010098829524290628
inv_V_clipped,default,false,2055,39,0.004022432345538047
inv_V_clipped,default,false,2055,40,29.573908536915937
inv_V_clipped,default,false,2055,41,0.001100108492939715
inv_V_clipped,default,false,2055,42,0.001546072690475556
inv_V_clipped,default,false,2055,43,0.0010729085834015775
inv_V_clipped,default,false,2055,44,0.0015792306605741501
inv_V_clipped,default,false,2055,45,0.0015890961080268988
inv_V_clipped,default,false,2055,46,0.0031796833284092204
inv_V_clipped,default,false,2055,47,0.002497853001396659
inv_V_clipped,default,false,2055,48,1.3275658449231458
inv_V_clipped,default,false,2055,49,0.002229451602184435
inv_V_clipped,default,false,2055,50,23.017453808830364
inv_V_clipped,default,false,2055,51,0.0007818457495019107
inv_V_clipped,default,false,2055,52,0.005228535773126002
inv_V_clipped,default,false,2055,53,0.0022186038312730586
inv_V_clipped,default,false,2055,54,0.00046346836417374246
inv_V_clipped,default,false,2055,55,0.0004165117589400491
inv_V_clipped,default,false,2055,56,0.0011373378449571422
inv_V_clipped,default,false,2055,57,0.0002103529599241518
inv_V_clipped,default,false,2055,58,0.000886002258949505
inv_V_clipped,default,false,2055,59,0.0029636408873204116
inv_V_clipped,default,false,2055,60,0.0009157723301703995
inv_V_clipped,default,false,2055,61,0.0038065034473234787
inv_V_clipped,default,false,2055,62,0.006507323485773008
inv_V_clipped,default,false,2055,63,0.0017353478154786951
inv_V_clipped,default,false,2055,64,0.006352581051329416
inv_V_clipped,default,false,2055,65,0.006391365021932561
inv_V_clipped,default,false,2055,66,0.1416585995069084
inv_V_clipped,default,false,2055,67,0.0010045482724970797
inv_V_clipped,default,false,2055,68,0.0006405914422592948
inv_V_clipped,default,false,2055,69,0.0019434485616243989
inv_V_clipped,default,false,2055,70,0.0006454404077797894
inv_V_clipped,default,false,2055,71,1.8505630022369959
inv_V_clipped,default,false,2055,72,0.001592766191149273
inv_V_clipped,default,false,2055,73,0.0005592539451154999
inv_V_clipped,default,false,2055,74,0.0007449832550933092
inv_V_clipped,default,false,2055,75,0.0070025827044530795
inv_V_clipped,default,false,2055,76,0.00440417491224101
inv_V_clipped,default,false,2055,77,8.816982562163428
inv_V_clipped,default,false,2055,78,0.00149199174158955
inv_V_clipped,default,false,2055,79,0.004646525600878757
inv_V_clipped,default,false,2055,80,0.0004941488731454696
inv_V_clipped,default,false,2055,81,0.017225130271515246
inv_V_clipped,default,false,2055,82,0.011862518917082366
inv_V_clipped,default,false,2055,83,0.007710472704324502
inv_V_clipped,default,false,2055,84,0.006272237237693916
inv_V_clipped,default,false,2055,85,0.002295983129748826
inv_V_clipped,default,false,2055,86,0.003040776662417519
inv_V_clipped,default,false,2055,87,1.49905447224731
inv_V_clipped,default,false,2055,88,39.76226394159838
inv_V_clipped,default,false,2055,89,0.0011653065930356872
inv_V_clipped,default,false,2055,90,0.0010701740157379926
inv_V_clipped,default,false,2055,91,0.0009375158763176185
inv_V_clipped,default,false,2055,92,0.0003639756682579378
inv_V_clipped,default,false,2055,93,0.0004670581333847581
inv_V_clipped,default,false,2055,94,0.0013736493704867036
inv_V_clipped,default,false,2055,95,0.0013844831401943981
inv_V_clipped,default,false,2055,96,0.0011230754797068687
inv_V_clipped,default,false,2055,97,0.0007165755978343234
inv_V_clipped,default,false,2055,98,0.0036783295719850593
inv_V_clipped,default,false,2055,99,0.003464644670400277
inv_V_clipped,default,false,2055,100,0.0010943102086454289
inv_V_clipped,default,false,2055,101,0.003324039111303818
inv_V_clipped,default,false,2055,102,0.00021844453926734417
inv_V_clipped,default,false,2055,103,0.004405637642651884
inv_V_clipped,default,false,2055,104,0.002601936966029645
inv_V_clipped,default,false,2055,105,0.05356090290354579
inv_V_clipped,default,false,2055,106,23.97342805826723
inv_V_clipped,default,false,2055,107,0.0018727864292210944
inv_V_clipped,default,false,2055,108,0.00024392723586890916
inv_V_clipped,default,false,2055,109,0.0017183343216063008
inv_V_clipped,default,false,2055,110,0.0006466840142075777
inv_V_clipped,default,false,2055,111,0.004678736360464879
inv_V_clipped,default,false,2055,112,0.0020251563510658988
inv_V_clipped,default,false,2055,113,0.004378429012253703
inv_V_clipped,default,false,2055,114,0.0022659493025812463
inv_V_clipped,default,false,2055,115,0.00032017980782809855
inv_V_clipped,default,false,2055,116,0.0007295422417765164
inv_V_clipped,default,false,2055,117,0.00029159130989413917
inv_V_clipped,default,false,2055,118,0.17753924314481573
inv_V_clipped,default,false,2055,119,0.001140506598946969
inv_V_clipped,default,false,2055,120,0.0018064493096049616
inv_V_clipped,default,false,2055,121,0.004217859452376286
inv_V_clipped,default,false,2055,122,0.0015468320545779653
inv_V_clipped,default,false,2055,123,0.0007870252849504048
inv_V_clipped,default,false,2055,124,0.003356422764828381
inv_V_clipped,default,false,2055,125,0.017565232428241297
inv_V_clipped,default,false,2055,126,0.003957239100512844
inv_V_clipped,default,false,2055,127,0.005123694534375748
inv_V_clipped,default,false,2055,128,0.0005634495216497363
inv_V_clipped,default,false,2055,129,0.00019096065401125265
inv_V_clipped,default,false,2055,130,0.0005220539484516537
inv_V_clipped,default,false,2055,131,0.0011311055707745195
inv_V_clipped,default,false,2055,132,0.002829307102208875
inv_V_clipped,default,false,2055,133,0.0004327405625518496
inv_V_clipped,default,false,2055,134,0.00029274907434361647
inv_V_clipped,default,false,2055,135,0.0006508968502425787
inv_V_clipped,default,false,2055,136,0.0008598757335851102
inv_V_clipped,default,false,2055,137,0.0013666059628245745
inv_V_clipped,default,false,2055,138,0.0002776746527031736
inv_V_clipped,default,false,2055,139,0.00030769159845077664
inv_V_clipped,default,false,2055,140,0.0008760578183453311
inv_V_clipped,default,false,2055,141,0.000140149758670643
inv_V_clipped,default,false,2055,142,0.0019071814004550463
inv_V_clipped,default,false,2055,143,19.664588838703814
inv_V_clipped,default,false,2055,144,0.0033024529019615822
inv_V_clipped,default,false,2055,145,0.00062642542052203
inv_V_clipped,default,false,2055,146,0.0028190314439441753
inv_V_clipped,default,false,2055,147,0.0003061180790825716
inv_V_clipped,default,false,2055,148,0.0026116743578513445
inv_V_clipped,default,false,2055,149,0.0007157825955715786
inv_V_clipped,default,false,2055,150,0.00042698704034222195
inv_V_clipped,default,false,2055,151,0.0030850836826767777
inv_V_clipped,default,false,2055,152,0.000733160976252944
inv_V_clipped,default,false,2055,153,0.003895029497920915
inv_V_clipped,default,false,2055,154,0.0008999596981234332
inv_V_clipped,default,false,2055,155,0.0006224217030971606
inv_V_clipped,default,false,2055,156,0.0006014973714555939
inv_V_clipped,default,false,2055,157,0.0005408502162059277
inv_V_clipped,default,false,2055,158,0.005594746863047597
inv_V_clipped,default,false,2055,159,0.00091023694330157
inv_V_clipped,default,false,2055,160,0.004963267088484112
inv_V_clipped,default,false,2055,161,0.0008568419409236258
inv_V_clipped,default,false,2055,162,0.0015289668956935739
inv_V_clipped,default,false,2055,163,0.052092370686104665
inv_V_clipped,default,false,2055,164,0.0005195053087953998
inv_V_clipped,default,false,2055,165,0.001866343158525491
inv_V_clipped,default,false,2055,166,0.008392755002406152
inv_V_clipped,default,false,2055,167,0.004645696502206009
inv_V_clipped,default,false,2055,168,0.0013400369307439424
inv_V_clipped,default,false,2055,169,0.002804296941967306
inv_V_clipped,default,false,2055,170,0.006270630487249785
inv_V_clipped,default,false,2055,171,0.0005589196625563629
inv_V_clipped,default,false,2055,172,0.006346341069340191
inv_V_clipped,default,false,2055,173,0.00047443128881802477
inv_V_clipped,default,false,2055,174,0.0016673222548767874
inv_V_clipped,default,false,2055,175,26.262049751805574
inv_V_clipped,default,false,2055,176,0.0025003983423037357
inv_V_clipped,default,false,2055,177,0.0013277499063907635
inv_V_clipped,default,false,2055,178,0.003401323095707217
inv_V_clipped,default,false,2055,179,0.0034981538127533333
inv_V_clipped,default,false,2055,180,0.02178466238181477
inv_V_clipped,default,false,2055,181,0.0016425510261817249
inv_V_clipped,default,false,2055,182,0.0004211111863006054
inv_V_clipped,default,false,2055,183,0.004870982796305645
inv_V_clipped,default,false,2055,184,20.517074691797454
inv_V_clipped,default,false,2055,185,0.0004109708875058286
inv_V_clipped,default,false,2055,186,0.00031043638724487097
inv_V_clipped,default,false,2055,187,0.0007001674096457728
inv_V_clipped,default,false,2055,188,0.0032097458909253053
inv_V_clipped,default,false,2055,189,0.00023510927013447894
inv_V_clipped,default,false,2055,190,0.00132920897487408
inv_V_clipped,default,false,2055,191,0.0004267141209133805
inv_V_clipped,default,false,2055,192,0.0011142071224279446
inv_V_clipped,default,false,2055,193,0.0005552464928819581
inv_V_clipped,default,false,2055,194,0.0019474387024063463
inv_V_clipped,default,true,2056,2,0.14987103467584686
inv_V_clipped,default,true,2056,3,0.14771720361215035
inv_V_clipped,default,true,2056,4,0.1580295275807703
inv_V_clipped,default,true,2056,5,0.15965313018473876
inv_V_clipped,default,true,2056,6,0.1588620661532773
inv_V_clipped,default,true,2056,7,0.1474096272231028
inv_V_clipped,default,true,2056,8,0.1505935743407808
inv_V_clipped,default,true,2056,9,0.15295991373078388
inv_V_clipped,default,true,2056,10,0.16085647375321185
inv_V_clipped,default,true,2056,11,0.1656806351276414
inv_V_clipped,default,true,2056,12,0.15938864700847843
inv_V_clipped,default,true,2056,13,0.13867103010098558
inv_V_clipped,default,true,2056,14,0.145501205295334
inv_V_clipped,default,true,2056,15,0.12678055040755218
inv_V_clipped,default,true,2056,16,0.1525243336975379
inv_V_clipped,default,true,2056,17,0.10664885606768418
inv_V_clipped,default,true,2056,18,0.14322816294314333
inv_V_clipped,default,true,2056,19,0.12290379038508732
inv_V_clipped,default,true,2056,20,0.13356272797831048
inv_V_clipped,default,true,2056,21,0.1140641343735686
inv_V_clipped,default,true,2056,22,0.13065160239865026
inv_V_clipped,default,true,2056,23,0.1412577124343536
inv_V_clipped,default,true,2056,24,0.15402882617876948
inv_V_clipped,default,true,2056,25,0.13711696758568903
inv_V_clipped,default,true,2056,26,0.21904330801898364
inv_V_clipped,default,true,2056,27,0.13477467317679157
inv_V_clipped,default,true,2056,28,0.08380031820706085
inv_V_clipped,default,true,2056,29,0.2510889409352167
inv_V_clipped,default,true,2056,30,0.2233957636316054
inv_V_clipped,default,true,2056,31,5.045488313425487
inv_V_clipped,default,true,2056,32,0.0069694379441913295
inv_V_clipped,default,true,2056,33,0.002792970870622505
inv_V_clipped,default,true,2056,34,0.0028940316344198943
inv_V_clipped,default,true,2056,35,0.0009597208772908563
inv_V_clipped,default,true,2056,36,0.001145527951855286
inv_V_clipped,default,true,2056,37,145.5704297034584
inv_V_clipped,default,true,2056,38,0.0005766803357125404
inv_V_clipped,default,true,2056,39,0.0009343635332104873
inv_V_clipped,default,true,2056,40,0.000855391625988527
inv_V_clipped,default,true,2056,41,0.0018519806236538424
inv_V_clipped,default,true,2056,42,0.001769910175539396
inv_V_clipped,default,true,2056,43,0.001655916315671735
inv_V_clipped,default,true,2056,44,0.0024726219077575986
inv_V_clipped,default,true,2056,45,0.001315170222743776
inv_V_clipped,default,true,2056,46,17.10593005268646
inv_V_clipped,default,true,2056,47,0.001819960208593242
inv_V_clipped,default,true,2056,48,0.004333904936620323
inv_V_clipped,default,true,2056,49,4.907209757915041
inv_V_clipped,default,true,2056,50,0.0008076812737532115
inv_V_clipped,default,true,2056,51,0.0012454098760008832
inv_V_clipped,default,true,2056,52,0.0030511032728166676
inv_V_clipped,default,true,2056,53,0.001701139278366784
inv_V_clipped,default,true,2056,54,0.0020509029215250913
inv_V_clipped,default,true,2056,55,0.3402224782811226
inv_V_clipped,default,true,2056,56,0.05769424062835947
inv_V_clipped,default,true,2056,57,0.0005556099516264542
inv_V_clipped,default,true,2056,58,0.005205178033413098
inv_V_clipped,default,true,2056,59,0.0008139749012709834
inv_V_clipped,default,true,2056,60,0.0007120194745268663
inv_V_clipped,default,true,2056,61,0.0015751811880993936
inv_V_clipped,default,true,2056,62,0.000382055454894947
inv_V_clipped,default,true,2056,63,0.0020274542765461234
inv_V_clipped,default,true,2056,64,0.005707306916429831
inv_V_clipped,default,true,2056,65,0.0008104903360354981
inv_V_clipped,default,true,2056,66,0.0009085967804945405
inv_V_clipped,default,true,2056,67,0.0018545968254176557
inv_V_clipped,default,true,2056,68,0.001232641317870646
inv_V_clipped,default,true,2056,69,0.004389779373791381
inv_V_clipped,default,true,2056,70,0.000548557976263436
inv_V_clipped,default,true,2056,71,0.09117297192452294
inv_V_clipped,default,true,2056,72,0.0003551900178207154
inv_V_clipped,default,true,2056,73,0.001919600463215098
inv_V_clipped,default,true,2056,74,0.002500093553398566
inv_V_clipped,default,true,2056,75,0.00044864095424644644
inv_V_clipped,default,true,2056,76,0.0016424784857581212
inv_V_clipped,default,true,2056,77,0.004586218578164615
inv_V_clipped,default,true,2056,78,0.0044627581954423965
inv_V_clipped,default,true,2056,79,0.0013273197665459547
inv_V_clipped,default,true,2056,80,0.00037138737770107315
inv_V_clipped,default,true,2056,81,0.000570409756280923
inv_V_clipped,default,true,2056,82,0.0011519412325291323
inv_V_clipped,default,true,2056,83,0.0018487540265213185
inv_V_clipped,default,true,2056,84,0.0013736723963269977
inv_V_clipped,default,true,2056,85,7.7277343850374605
inv_V_clipped,default,true,2056,86,0.00017456782517280073
inv_V_clipped,default,true,2056,87,0.10695452975944436
inv_V_clipped,default,true,2056,88,0.0015205244907982357
inv_V_clipped,default,true,2056,89,0.00033489128086065746
inv_V_clipped,default,true,2056,90,0.014067314466071065
inv_V_clipped,default,true,2056,91,0.008387721450102657
inv_V_clipped,default,true,2056,92,0.001564290493304476
inv_V_clipped,default,true,2056,93,0.0017502013133864735
inv_V_clipped,default,true,2056,94,0.016169383593460446
inv_V_clipped,default,true,2056,95,0.00012649594673769753
inv_V_clipped,default,true,2056,96,0.001029046367259906
inv_V_clipped,default,true,2056,97,0.004195896400060761
inv_V_clipped,default,true,2056,98,5.894291501870325
inv_V_clipped,default,true,2056,99,0.0008956592913152918
inv_V_clipped,default,true,2056,100,0.002669657346433636
inv_V_clipped,default,true,2056,101,0.0014616573487310739
inv_V_clipped,default,true,2056,102,0.0013932822203768138
inv_V_clipped,default,true,2056,103,0.0017782684236590945
inv_V_clipped,default,true,2056,104,0.005352386332991191
inv_V_clipped,default,true,2056,105,0.0012345856925529966
inv_V_clipped,default,true,2056,106,87.95930671204927
inv_V_clipped,default,true,2056,107,0.0035558678904295824
inv_V_clipped,default,true,2056,108,0.0004229770261932852
inv_V_clipped,default,true,2056,109,0.0009756671847390761
inv_V_clipped,default,true,2056,110,0.003307677601948306
inv_V_clipped,default,true,2056,111,0.0006179724536430683
inv_V_clipped,default,true,2056,112,0.0020527900246731074
inv_V_clipped,default,true,2056,113,5.2338435118863105
inv_V_clipped,default,true,2056,114,0.0014895778707068083
inv_V_clipped,default,true,2056,115,0.0035274009815714157
inv_V_clipped,default,true,2056,116,0.0004394118673060024
inv_V_clipped,default,true,2056,117,0.008559979364542144
inv_V_clipped,default,true,2056,118,0.0009409616342192805
inv_V_clipped,default,true,2056,119,2.1819544592970503
inv_V_clipped,default,true,2056,120,0.05791803002127268
inv_V_clipped,default,true,2056,121,0.0003538821042927629
inv_V_clipped,default,true,2056,122,0.0021940492154837623
inv_V_clipped,default,true,2056,123,0.22234997575796564
inv_V_clipped,default,true,2056,124,0.01028703682001637
inv_V_clipped,default,true,2056,125,0.0003480393856404853
inv_V_clipped,default,true,2056,126,0.0018593982787354596
inv_V_clipped,default,true,2056,127,0.0011475510730398493
inv_V_clipped,default,true,2056,128,0.005823102621815776
inv_V_clipped,default,true,2056,129,0.0028006312805643058
inv_V_clipped,default,true,2056,130,0.0009754439314935441
inv_V_clipped,default,true,2056,131,0.0001939064450317473
inv_V_clipped,default,true,2056,132,0.0033365227951990726
inv_V_clipped,default,true,2056,133,0.0006569993887956385
inv_V_clipped,default,true,2056,134,0.0038020503430387055
inv_V_clipped,default,true,2056,135,0.0016131813135499232
inv_V_clipped,default,true,2056,136,0.0006060120278554238
inv_V_clipped,default,true,2056,137,0.0012840220445536157
inv_V_clipped,default,true,2056,138,0.004890454458202123
inv_V_clipped,default,true,2056,139,0.0005970436627019694
inv_V_clipped,default,true,2056,140,0.00044737723172516753
inv_V_clipped,default,true,2056,141,0.0005624892714190703
inv_V_clipped,default,true,2056,142,0.0007109958529610181
inv_V_clipped,default,true,2056,143,0.0016668694511842394
inv_V_clipped,default,true,2056,144,0.0013956620736109697
inv_V_clipped,default,true,2056,145,0.007265624387123511
inv_V_clipped,default,true,2056,146,0.0036133083906528143
inv_V_clipped,default,true,2056,147,0.0010385345373623658
inv_V_clipped,default,true,2056,148,6.947025646125314
inv_V_clipped,default,true,2056,149,8.989753188401485
inv_V_clipped,default,true,2056,150,0.034542655847631505
inv_V_clipped,default,true,2056,151,0.0008151480467311391
inv_V_clipped,default,true,2056,152,0.0009741729694770164
inv_V_clipped,default,true,2056,153,0.0005527980106966653
inv_V_clipped,default,true,2056,154,0.08738044841754025
inv_V_clipped,default,true,2056,155,0.004032487219014839
inv_V_clipped,default,true,2056,156,13.067720211317072
inv_V_clipped,default,true,2056,157,0.003821758566514081
inv_V_clipped,default,true,2056,158,0.7913450655905262
inv_V_clipped,default,true,2056,159,0.000870072279727895
inv_V_clipped,default,true,2056,160,0.0002937776918605354
inv_V_clipped,default,true,2056,161,0.005101515188966644
inv_V_clipped,default,true,2056,162,0.0029129702440033726
inv_V_clipped,default,true,2056,163,0.4041657443038891
inv_V_clipped,default,true,2056,164,0.08851862996383855
inv_V_clipped,default,true,2056,165,0.0010859184647416336
inv_V_clipped,default,true,2056,166,0.43866270107008676
inv_V_clipped,default,true,2056,167,0.0032691971783608527
inv_V_clipped,default,true,2056,168,0.005195488957583417
inv_V_clipped,default,true,2056,169,8.839825725034414
inv_V_clipped,default,true,2056,170,0.00132753247561833
inv_V_clipped,default,true,2056,171,0.0008410890162702969
inv_V_clipped,default,true,2056,172,0.0020369039205381254
inv_V_clipped,default,true,2056,173,0.0017419843005724396
inv_V_clipped,default,true,2056,174,0.0005260570703833261
inv_V_clipped,default,true,2056,175,12.570104442196895
inv_V_clipped,default,true,2056,176,0.0021753282664006743
inv_V_clipped,default,true,2056,177,9.739347594335857
inv_V_clipped,default,true,2056,178,0.0007410016313106696
inv_V_clipped,default,true,2056,179,0.0010303130905963786
inv_V_clipped,default,true,2056,180,0.003736788239858374
inv_V_clipped,default,true,2056,181,0.0007454495552843915
inv_V_clipped,default,true,2056,182,0.20048443487193895
inv_V_clipped,default,true,2056,183,0.4160859129439955
inv_V_clipped,default,true,2056,184,0.417948589781911
inv_V_clipped,default,true,2056,185,0.0016108925306161342
inv_V_clipped,default,true,2056,186,0.0009580977901807968
inv_V_clipped,default,true,2056,187,0.002184324600876137
inv_V_clipped,default,true,2056,188,0.004983433205526389
inv_V_clipped,default,true,2056,189,0.0005426692757612365
inv_V_clipped,default,true,2056,190,6.997990827454985
inv_V_clipped,default,true,2056,191,0.004783880562047517
inv_V_clipped,default,true,2056,192,0.0034869804458568885
inv_V_clipped,default,true,2056,193,0.0009501549254232504
inv_V_clipped,default,true,2056,194,17.301433674307706
inv_V_clipped,default,true,2056,195,0.0017181388036556595
inv_V_clipped,default,true,2056,196,0.132298951533624
inv_V_clipped,default,true,2056,197,0.9644924438554334
inv_V_clipped,default,true,2056,198,0.0002683437671925389
inv_V_clipped,default,true,2056,199,0.0021339765611705437
inv_V_clipped,default,true,2056,200,0.0004998089201111932
inv_V_clipped,default,true,2056,201,0.0034111227979854507
inv_V_clipped,default,true,2056,202,0.0009504144335056927
inv_V_clipped,default,true,2056,203,0.0006294238398462524
inv_V_clipped,default,true,2056,204,0.0014358260315806733
inv_V_clipped,default,true,2056,205,9.10164229653597e-5
inv_V_clipped,default,true,2056,206,0.003288039743739008
inv_V_clipped,default,true,2056,207,25.402071328012507
inv_V_clipped,default,true,2056,208,0.0028077893569197635
inv_V_clipped,default,true,2056,209,0.02582639041977373
inv_V_clipped,default,true,2056,210,0.003405012843754796
inv_V_clipped,default,true,2056,211,0.40077517793734274
inv_V_clipped,default,true,2056,212,9.750803700230591
inv_V_clipped,default,true,2056,213,0.004116924751815665
inv_V_clipped,default,true,2056,214,0.005183063021316277
inv_V_clipped,default,true,2056,215,0.0008315514733153013
inv_V_clipped,default,true,2056,216,0.0010329386858238289
inv_V_clipped,default,true,2056,217,0.0007971258706864805
inv_V_clipped,default,true,2056,218,0.0011671036452213593
inv_V_clipped,default,true,2056,219,0.40149634973329557
inv_V_clipped,default,true,2056,220,0.0011735057016445628
inv_V_clipped,default,true,2056,221,0.004501861365650705
inv_V_clipped,default,true,2056,222,0.0018817417852722517
inv_V_clipped,default,true,2056,223,0.0004511213742226547
inv_V_clipped,default,true,2056,224,0.004805910060514929
inv_V_clipped,default,true,2056,225,6.942722629124636
inv_V_clipped,default,true,2056,226,0.0009304852744007124
inv_V_clipped,default,true,2056,227,0.0008720700729571477
inv_V_clipped,default,true,2056,228,0.0012065154338167991
inv_V_clipped,default,true,2056,229,0.003383012034795617
inv_V_clipped,default,true,2056,230,0.002008686180896022
inv_V_clipped,default,true,2056,231,0.0008492894142389041
inv_V_clipped,default,true,2056,232,2.9056227318933305
inv_V_clipped,default,true,2056,233,0.003764936455020343
inv_V_clipped,default,true,2056,234,0.0005890529742663832
inv_V_clipped,default,true,2056,235,0.7517383457074751
inv_V_clipped,default,true,2056,236,0.0013023075491415727
inv_V_clipped,default,true,2056,237,0.002509724933608178
inv_V_clipped,default,true,2056,238,0.0019829203335848286
inv_V_clipped,default,true,2056,239,0.0005321657444588455
inv_V_clipped,default,true,2056,240,0.0005640448831263353
inv_V_clipped,default,true,2056,241,0.24332100652105537
inv_V_clipped,default,true,2056,242,0.1025443562970613
inv_V_clipped,default,true,2056,243,0.0018432589836526341
inv_V_clipped,default,true,2056,244,0.0012826384912252397
inv_V_clipped,default,true,2056,245,0.0013912586868556221
inv_V_clipped,default,true,2056,246,0.0005303849354106151
inv_V_clipped,default,true,2056,247,0.0018354431576517703
inv_V_clipped,default,true,2056,248,0.26710646129616106
inv_V_clipped,default,true,2056,249,0.00030131610253411394
inv_V_clipped,default,true,2056,250,0.0011894620397599354
inv_V_clipped,default,true,2056,251,0.001338528588961538
inv_V_clipped,default,true,2056,252,0.0021826535267247334
inv_V_clipped,default,true,2056,253,12.616358756419585
inv_V_clipped,default,true,2056,254,0.001698217527212189
inv_V_clipped,default,true,2056,255,0.0012169528139487297
inv_V_clipped,default,true,2056,256,17.299524832194418
inv_V_clipped,default,true,2056,257,0.00138929886108733
inv_V_clipped,default,true,2056,258,0.0007778458821644878
inv_V_clipped,default,true,2056,259,0.0023868112719506976
inv_V_clipped,default,true,2056,260,0.0029666665487385704
inv_V_clipped,default,true,2056,261,0.19891482287173154
inv_V_clipped,default,true,2056,262,0.027076830484104922
inv_V_clipped,default,true,2056,263,0.0033474692892294772
inv_V_clipped,default,true,2056,264,0.7517894381417332
inv_V_clipped,default,true,2056,265,0.0011238815779013713
inv_V_clipped,default,true,2056,266,0.004763592406890474
inv_V_clipped,default,true,2056,267,0.0006900254114815563
inv_V_clipped,default,true,2056,268,0.0033972339346282337
inv_V_clipped,default,true,2056,269,3.4940336667309873
inv_V_clipped,default,true,2056,270,0.0038718565082135493
inv_V_clipped,default,true,2056,271,0.003288172774880268
inv_V_clipped,default,true,2056,272,0.0009843711741169272
inv_V_clipped,default,true,2056,273,0.00044068076408316283
inv_V_clipped,default,true,2056,274,0.0025184983679345345
inv_V_clipped,default,true,2056,275,0.0013579733732428092
inv_V_clipped,default,true,2056,276,0.0037455179264025253
inv_V_clipped,default,true,2056,277,0.002143751714686313
inv_V_clipped,default,true,2056,278,0.0018544209796619979
inv_V_clipped,default,true,2056,279,0.003931839439636467
inv_V_clipped,default,true,2056,280,0.0037742850452148658
inv_V_clipped,default,true,2056,281,0.0019185536061804107
inv_V_clipped,default,true,2056,282,0.003892562728774722
inv_V_clipped,default,true,2056,283,0.0012271363050648698
inv_V_clipped,default,true,2056,284,0.0007768050312907229
inv_V_clipped,default,true,2056,285,0.17719015711903033
inv_V_clipped,default,true,2056,286,22.34513648765395
inv_V_clipped,default,true,2056,287,0.0013191904410537305
inv_V_clipped,default,true,2056,288,0.0010697284939121762
inv_V_clipped,default,true,2056,289,0.0005751201488258403
inv_V_clipped,default,true,2056,290,0.002710167637856281
inv_V_clipped,default,true,2056,291,0.0009327631004125538
inv_V_clipped,default,true,2056,292,0.0005526941033404186
inv_V_clipped,default,true,2056,293,0.0011352728932508681
inv_V_clipped,default,true,2056,294,0.17449941905595723
inv_V_clipped,default,true,2056,295,0.0020769294761047255
inv_V_clipped,default,true,2056,296,0.00884946556837313
inv_V_clipped,default,true,2056,297,0.00027278479285137384
inv_V_clipped,default,true,2056,298,0.004315998766251486
inv_V_clipped,default,true,2056,299,0.00013421073028052315
inv_V_clipped,default,true,2056,300,0.003331243069251729
inv_V_clipped,default,true,2056,301,0.00012344055225249983
inv_V_clipped,default,true,2056,302,0.004036071239736234
inv_V_clipped,default,true,2056,303,0.0001358157743179147
inv_V_clipped,default,true,2056,304,0.0034507825189363283
inv_V_clipped,default,true,2056,305,0.0005855712812832673
inv_V_clipped,default,true,2056,306,0.005182551202634335
inv_V_clipped,default,true,2056,307,0.0008605406389508755
inv_V_clipped,default,true,2056,308,0.0028880405381861516
inv_V_clipped,default,true,2056,309,0.0009105831400677912
inv_V_clipped,default,true,2056,310,0.0029891447565661236
inv_V_clipped,default,true,2056,311,0.0001339779162306232
inv_V_clipped,default,true,2056,312,0.0008672953554329861
inv_V_clipped,default,true,2056,313,0.001133531612807067
inv_V_clipped,default,true,2056,314,0.00010923508044596984
inv_V_clipped,default,true,2056,315,0.0008264778635653829
inv_V_clipped,default,true,2056,316,0.27993439150248206
inv_V_clipped,default,true,2056,317,0.4366321105560554
inv_V_clipped,default,true,2056,318,8.169461086095481
inv_V_clipped,default,true,2056,319,0.003718502922386792
inv_V_clipped,default,true,2056,320,1.0251283114872196
inv_V_clipped,default,true,2056,321,0.0002675510702986843
inv_V_clipped,default,true,2056,322,0.0009341359293604177
inv_V_clipped,default,true,2056,323,0.002363566509182374
inv_V_clipped,default,true,2056,324,0.0022521599348453198
inv_V_clipped,default,true,2056,325,25.66528861776338
inv_V_clipped,default,true,2056,326,0.0017839374469136122
inv_V_clipped,default,true,2056,327,0.004124920768028773
inv_V_clipped,default,true,2056,328,0.11263140214867946
inv_V_clipped,default,true,2056,329,0.024542913153650175
inv_V_clipped,default,true,2056,330,0.0026665799346332936
inv_V_clipped,default,true,2056,331,0.0015400720804981754
inv_V_clipped,default,true,2056,332,0.0035275412419499504
inv_V_clipped,default,true,2056,333,0.0026150766688645523
inv_V_clipped,default,true,2056,334,0.0019342091694887777
inv_V_clipped,default,true,2056,335,0.06616371598960465
inv_V_clipped,default,true,2056,336,0.3868828292696801
inv_V_clipped,default,true,2056,337,0.0009159991236093242
inv_V_clipped,default,true,2056,338,4.193753745719459
inv_V_clipped,default,true,2056,339,0.001894232311483538
inv_V_clipped,default,true,2056,340,3.816018492016357
inv_V_clipped,default,true,2056,341,0.00029431280873864563
inv_V_clipped,default,true,2056,342,0.0007637761553513534
inv_V_clipped,default,true,2056,343,0.0029361219859037773
inv_V_clipped,default,true,2056,344,0.0002591593283099497
inv_V_clipped,default,true,2056,345,0.00021032651419339982
inv_V_clipped,default,true,2056,346,0.23010933279741702
inv_V_clipped,default,true,2056,347,0.001481443903520098
inv_V_clipped,default,true,2056,348,0.000549354138020958
inv_V_clipped,default,true,2056,349,0.002231763492093132
inv_V_clipped,default,true,2056,350,0.0042995062804842285
inv_V_clipped,default,true,2056,351,0.0017910420201112433
inv_V_clipped,default,true,2056,352,0.0022978303430034367
inv_V_clipped,default,true,2056,353,0.0009259835978119266
inv_V_clipped,default,true,2056,354,0.0005859203037073828
inv_V_clipped,default,true,2056,355,0.0003823070508229914
inv_V_clipped,default,true,2056,356,0.001446354815603142
inv_V_clipped,default,true,2056,357,0.0011334675914001014
inv_V_clipped,default,true,2056,358,2.2990243857869612
inv_V_clipped,default,true,2056,359,68.73961355533119
inv_V_clipped,default,true,2056,360,0.0016927571023319346
inv_V_clipped,default,true,2056,361,0.0003375472121852252
inv_V_clipped,default,true,2056,362,0.0006350419402940127
inv_V_clipped,logistic,true,2058,2,0.13609350179796337
inv_V_clipped,logistic,true,2058,3,0.13044948422754044
inv_V_clipped,logistic,true,2058,4,0.15415959764284662
inv_V_clipped,logistic,true,2058,5,0.1335727872685047
inv_V_clipped,logistic,true,2058,6,0.19612464459062998
inv_V_clipped,logistic,true,2058,7,0.1474601383788456
inv_V_clipped,logistic,true,2058,8,0.13880642754782815
inv_V_clipped,logistic,true,2058,9,0.11859225977094852
inv_V_clipped,logistic,true,2058,10,0.1036760223310236
inv_V_clipped,logistic,true,2058,11,0.12393679892149675
inv_V_clipped,logistic,true,2058,12,0.11995771883164097
inv_V_clipped,logistic,true,2058,13,0.14405542082919068
inv_V_clipped,logistic,true,2058,14,0.1393098653280075
inv_V_clipped,logistic,true,2058,15,0.12752144381104397
inv_V_clipped,logistic,true,2058,16,0.10601686673311246
inv_V_clipped,logistic,true,2058,17,0.16966934427526975
inv_V_clipped,logistic,true,2058,18,0.12722728395689248
inv_V_clipped,logistic,true,2058,19,0.11581977475993471
inv_V_clipped,logistic,true,2058,20,0.12800419542700864
inv_V_clipped,logistic,true,2058,21,0.15868679201960983
inv_V_clipped,logistic,true,2058,22,0.17330158530288392
inv_V_clipped,logistic,true,2058,23,0.1437404126627319
inv_V_clipped,logistic,true,2058,24,0.16173037985264507
inv_V_clipped,logistic,true,2058,25,0.09114209628175976
inv_V_clipped,logistic,true,2058,26,0.13489257327999055
inv_V_clipped,logistic,true,2058,27,0.11553531050755245
inv_V_clipped,logistic,true,2058,28,0.12040664635729849
inv_V_clipped,logistic,true,2058,29,0.1377664005267584
inv_V_clipped,logistic,true,2058,30,0.027374108095900216
inv_V_clipped,logistic,true,2058,31,0.07261402766293311
inv_V_clipped,logistic,true,2058,32,0.002719703495776927
inv_V_clipped,logistic,true,2058,33,0.002709201513562712
inv_V_clipped,logistic,true,2058,34,0.0035381374035494545
inv_V_clipped,logistic,true,2058,35,0.003686178090843676
inv_V_clipped,logistic,true,2058,36,0.0013145440602869833
inv_V_clipped,logistic,true,2058,37,0.006580969455805382
inv_V_clipped,logistic,true,2058,38,1.0320525557409173
inv_V_clipped,logistic,true,2058,39,0.0043801911384952034
inv_V_clipped,logistic,true,2058,40,0.029679955690862483
inv_V_clipped,logistic,true,2058,41,0.0035515287134577763
inv_V_clipped,logistic,true,2058,42,0.005058072277128156
inv_V_clipped,logistic,true,2058,43,0.007004804472075949
inv_V_clipped,logistic,true,2058,44,0.004278201803086652
inv_V_clipped,logistic,true,2058,45,0.06170435911559429
inv_V_clipped,logistic,true,2058,46,0.004524637173664548
inv_V_clipped,logistic,true,2058,47,0.008187740616996203
inv_V_clipped,logistic,true,2058,48,2.0256334349398073
inv_V_clipped,logistic,true,2058,49,0.002442590574273894
inv_V_clipped,logistic,true,2058,50,0.10543965303682054
inv_V_clipped,logistic,true,2058,51,0.000776086323024346
inv_V_clipped,logistic,true,2058,52,0.0021325552208157393
inv_V_clipped,logistic,true,2058,53,0.0031756595839055797
inv_V_clipped,logistic,true,2058,54,10.571500456515235
inv_V_clipped,logistic,true,2058,55,0.003879212839652631
inv_V_clipped,logistic,true,2058,56,0.7212641562235784
inv_V_clipped,logistic,true,2058,57,0.001742029483418321
inv_V_clipped,logistic,true,2058,58,0.000845219142011473
inv_V_clipped,logistic,true,2058,59,0.001233835789657651
inv_V_clipped,logistic,true,2058,60,0.0024065401996797827
inv_V_clipped,logistic,true,2058,61,0.0033869155082429064
inv_V_clipped,logistic,true,2058,62,0.0008682341752470118
inv_V_clipped,logistic,true,2058,63,0.0007348464808651662
inv_V_clipped,logistic,true,2058,64,0.0014480917643124932
inv_V_clipped,logistic,true,2058,65,0.02662371632534066
inv_V_clipped,logistic,true,2058,66,1.563827308949679
inv_V_clipped,logistic,true,2058,67,0.132514116124359
inv_V_clipped,logistic,true,2058,68,0.2934106968446128
inv_V_clipped,logistic,true,2058,69,1.2015206458165544
inv_V_clipped,logistic,true,2058,70,0.022000881130813166
inv_V_clipped,logistic,true,2058,71,0.5946046590499438
inv_V_clipped,logistic,true,2058,72,0.0028670672355768823
inv_V_clipped,logistic,true,2058,73,0.0009052197322936606
inv_V_clipped,logistic,true,2058,74,0.0040603103355284316
inv_V_clipped,logistic,true,2058,75,0.04098793018122111
inv_V_clipped,logistic,true,2058,76,0.721067719027679
inv_V_clipped,logistic,true,2058,77,0.005843302269096749
inv_V_clipped,logistic,true,2058,78,0.0006989456393487951
inv_V_clipped,logistic,true,2058,79,1.6356495023396969
inv_V_clipped,logistic,true,2058,80,0.004305830997587204
inv_V_clipped,logistic,true,2058,81,0.0004493942101709434
inv_V_clipped,logistic,true,2058,82,0.0006308016861283729
inv_V_clipped,logistic,true,2058,83,0.005305614242402201
inv_V_clipped,logistic,true,2058,84,0.005398381992600146
inv_V_clipped,logistic,true,2058,85,0.005532516123393821
inv_V_clipped,logistic,true,2058,86,0.0013663626710933843
inv_V_clipped,logistic,true,2058,87,0.005248629416533948
inv_V_clipped,logistic,true,2058,88,0.004525498700481189
inv_V_clipped,logistic,true,2058,89,0.003013367248248729
inv_V_clipped,logistic,true,2058,90,0.002091577657594793
inv_V_clipped,logistic,true,2058,91,0.0012593628563567292
inv_V_clipped,logistic,true,2058,92,57.72991246962883
inv_V_clipped,logistic,true,2058,93,0.004364121205065112
inv_V_clipped,logistic,true,2058,94,3.3112934490444808
inv_V_clipped,logistic,true,2058,95,0.05556836379091932
inv_V_clipped,logistic,true,2058,96,20.346913705177688
inv_V_clipped,logistic,true,2058,97,0.001840551201620047
inv_V_clipped,logistic,true,2058,98,0.0038672643226267986
inv_V_clipped,logistic,true,2058,99,0.0027284420500079424
inv_V_clipped,logistic,true,2058,100,2.161452071435142
inv_V_clipped,logistic,true,2058,101,0.341575911263968
inv_V_clipped,logistic,true,2058,102,0.0053723878058530945
inv_V_clipped,logistic,true,2058,103,0.002362939049550527
inv_V_clipped,logistic,true,2058,104,0.0012412503698696975
inv_V_clipped,logistic,true,2058,105,0.002842835186957305
inv_V_clipped,logistic,true,2058,106,0.0006361650071648508
inv_V_clipped,logistic,true,2058,107,0.0012766752871770128
inv_V_clipped,logistic,true,2058,108,0.003232460109832139
inv_V_clipped,logistic,true,2058,109,0.0004339182614463508
inv_V_clipped,logistic,true,2058,110,0.0014960839327038701
inv_V_clipped,logistic,true,2058,111,6.263283042704907
inv_V_clipped,logistic,true,2058,112,0.0024973884631963985
inv_V_clipped,logistic,true,2058,113,0.05762253959549298
inv_V_clipped,logistic,true,2058,114,0.00047130474741284665
inv_V_clipped,logistic,true,2058,115,0.0017927322453776397
inv_V_clipped,logistic,true,2058,116,0.0030170293350037913
inv_V_clipped,logistic,true,2058,117,0.005527619443709314
inv_V_clipped,logistic,true,2058,118,0.0007171356390956214
inv_V_clipped,logistic,true,2058,119,0.0006919405770759607
inv_V_clipped,logistic,true,2058,120,0.0003238105614530959
inv_V_clipped,logistic,true,2058,121,0.001990948402308591
inv_V_clipped,logistic,true,2058,122,0.2223440167749878
inv_V_clipped,logistic,true,2058,123,0.0009502001592130202
inv_V_clipped,logistic,true,2058,124,0.004249133764310764
inv_V_clipped,logistic,true,2058,125,6.351912505448353
inv_V_clipped,logistic,true,2058,126,0.0006976619452309091
inv_V_clipped,logistic,true,2058,127,1.0698975055876898
inv_V_clipped,logistic,true,2058,128,0.0017018638095236752
inv_V_clipped,logistic,true,2058,129,0.0022064124182749577
inv_V_clipped,logistic,true,2058,130,1.0104582379891143
inv_V_clipped,logistic,true,2058,131,0.003426528145477039
inv_V_clipped,logistic,true,2058,132,0.017142758551722714
inv_V_clipped,logistic,true,2058,133,0.002568222202566592
inv_V_clipped,logistic,true,2058,134,0.016672679454363095
inv_V_clipped,logistic,true,2058,135,0.0011413556399587884
inv_V_clipped,logistic,true,2058,136,0.0010012806502534982
inv_V_clipped,logistic,true,2058,137,5.535218206140321
inv_V_clipped,logistic,true,2058,138,0.002138419357339989
inv_V_clipped,logistic,true,2058,139,0.0008177751681309149
inv_V_clipped,logistic,true,2058,140,0.005711936582522111
inv_V_clipped,logistic,true,2058,141,1.3080589437325503
inv_V_clipped,logistic,true,2058,142,0.001249152117651714
inv_V_clipped,logistic,true,2058,143,0.0009407087083205155
inv_V_clipped,logistic,true,2058,144,0.0029949509925268868
inv_V_clipped,logistic,true,2058,145,0.002619025252049535
inv_V_clipped,logistic,true,2058,146,0.0015911813311031305
inv_V_clipped,logistic,true,2058,147,0.7180208480352679
inv_V_clipped,logistic,true,2058,148,0.0029694999650374965
inv_V_clipped,logistic,true,2058,149,0.00014749867543898098
inv_V_clipped,logistic,true,2058,150,0.16714814150811694
inv_V_clipped,logistic,true,2058,151,0.0010985484153022852
inv_V_clipped,logistic,true,2058,152,0.10939918562534282
inv_V_clipped,logistic,true,2058,153,0.2521616906973806
inv_V_clipped,logistic,true,2058,154,0.001593563309417718
inv_V_clipped,logistic,true,2058,155,0.0029150240972869654
inv_V_clipped,logistic,true,2058,156,0.000818234795617734
inv_V_clipped,logistic,true,2058,157,8.273865955038254
inv_V_clipped,logistic,true,2058,158,0.0007668486335201586
inv_V_clipped,logistic,true,2058,159,0.0036027456272587372
inv_V_clipped,logistic,true,2058,160,0.29796128304116726
inv_V_clipped,logistic,true,2058,161,0.0013256629887928087
inv_V_clipped,logistic,true,2058,162,0.0019904084458878717
inv_V_clipped,logistic,true,2058,163,0.00250511384991389
inv_V_clipped,logistic,true,2058,164,0.0003648751430491878
inv_V_clipped,logistic,true,2058,165,0.0009602072746373152
inv_V_clipped,logistic,true,2058,166,0.006635989041805454
inv_V_clipped,logistic,true,2058,167,0.0019201392343175955
inv_V_clipped,logistic,true,2058,168,0.0006593681071531281
inv_V_clipped,logistic,true,2058,169,0.005949397471363331
inv_V_clipped,logistic,true,2058,170,0.002517463750039414
inv_V_clipped,logistic,true,2058,171,1.1612337270933752
inv_V_clipped,logistic,true,2058,172,0.003399564206783702
inv_V_clipped,logistic,true,2058,173,0.001471466688865331
inv_V_clipped,logistic,true,2058,174,0.0019252610692697852
inv_V_clipped,logistic,true,2058,175,0.00046142201619932114
inv_V_clipped,logistic,true,2058,176,0.0013630323433717565
inv_V_clipped,logistic,true,2058,177,0.00467284271865075
inv_V_clipped,logistic,true,2058,178,0.0008365603516594507
inv_V_clipped,logistic,true,2058,179,0.00127349509857194
inv_V_clipped,logistic,true,2058,180,0.0003619689250749739
inv_V_clipped,logistic,true,2058,181,0.001552149169542266
inv_V_clipped,logistic,true,2058,182,0.598910372774704
inv_V_clipped,logistic,true,2058,183,0.013016204877605903
inv_V_clipped,logistic,true,2058,184,0.004268263414378175
inv_V_clipped,logistic,true,2058,185,0.0001975209235093474
inv_V_clipped,logistic,true,2058,186,1.5994263647234732
inv_V_clipped,logistic,true,2058,187,0.0003862769485282222
inv_V_clipped,logistic,true,2058,188,0.0009222637585877756
inv_V_clipped,logistic,true,2058,189,1.3377866392773963
inv_V_clipped,logistic,true,2058,190,0.20547977575594378
inv_V_clipped,logistic,true,2058,191,0.0044486577949289525
inv_V_clipped,logistic,true,2058,192,0.004076754357959618
inv_V_clipped,logistic,true,2058,193,0.0004996366590742786
inv_V_clipped,logistic,true,2058,194,0.16416961309046108
inv_V_clipped,logistic,true,2058,195,0.001414253666288422
inv_V_clipped,logistic,true,2058,196,0.0041636148174140995
inv_V_clipped,logistic,true,2058,197,0.004034643600869888
inv_V_clipped,logistic,true,2058,198,0.002489802784776457
inv_V_clipped,logistic,true,2058,199,0.09589363797047253
inv_V_clipped,logistic,true,2058,200,0.003487669457013434
inv_V_clipped,logistic,true,2058,201,0.8256984035383401
inv_V_clipped,logistic,true,2058,202,0.0003798367468153049
inv_V_clipped,logistic,true,2058,203,6.603509039480803
inv_V_clipped,logistic,true,2058,204,6.60110333902448
inv_V_clipped,logistic,true,2058,205,0.6876529914745177
inv_V_clipped,logistic,true,2058,206,0.001396178665598615
inv_V_clipped,logistic,true,2058,207,0.00740886259667343
inv_V_clipped,logistic,true,2058,208,0.0011729890597889881
inv_V_clipped,logistic,true,2058,209,0.005618970901314313
inv_V_clipped,logistic,true,2058,210,3.596186352448651
inv_V_clipped,logistic,true,2058,211,0.09750439338667022
inv_V_clipped,logistic,true,2058,212,0.0009097134141963203
inv_V_clipped,logistic,true,2058,213,0.0011484714885178725
inv_V_clipped,logistic,true,2058,214,0.0027314421983772965
inv_V_clipped,logistic,true,2058,215,0.005620259179119402
inv_V_clipped,logistic,true,2058,216,0.004543481718227708
inv_V_clipped,logistic,true,2058,217,0.0005216792673741788
inv_V_clipped,logistic,true,2058,218,0.05840680143516011
inv_V_clipped,logistic,true,2058,219,0.02021928216447503
inv_V_clipped,logistic,true,2058,220,0.0005287566729495381
inv_V_clipped,logistic,true,2058,221,0.0029158310659119766
inv_V_clipped,logistic,true,2058,222,0.00303636589046287
inv_V_clipped,logistic,true,2058,223,1.161900885046963
inv_V_clipped,logistic,true,2058,224,0.005725682633751909
inv_V_clipped,logistic,true,2058,225,0.0003238004636361235
inv_V_clipped,logistic,true,2058,226,0.0006307871630343586
inv_V_clipped,logistic,true,2058,227,0.0015280582920537398
inv_V_clipped,logistic,true,2058,228,8.273361004242684
quadratic_over_rho,default,false,2059,2,1130.8078203343812
quadratic_over_rho,default,false,2059,3,842.7397948234704
quadratic_over_rho,default,false,2059,4,724.7971110791387
quadratic_over_rho,default,false,2059,5,559.6337411215792
quadratic_over_rho,default,false,2059,6,542.6411022056526
quadratic_over_rho,default,false,2059,7,370.7003976660317
quadratic_over_rho,default,false,2059,8,421.25055252155653
quadratic_over_rho,default,false,2059,9,335.8855494032191
quadratic_over_rho,default,false,2059,10,343.9326198097766
quadratic_over_rho,default,false,2059,11,268.6584353786293
quadratic_over_rho,default,false,2059,12,297.8941885957197
quadratic_over_rho,default,false,2059,13,222.9195418578206
quadratic_over_rho,default,false,2059,14,217.108937681909
quadratic_over_rho,default,false,2059,15,211.94613664385764
quadratic_over_rho,default,false,2059,16,188.74475224304012
quadratic_over_rho,default,false,2059,17,152.34997351697473
quadratic_over_rho,default,false,2059,18,148.86191636281026
quadratic_over_rho,default,false,2059,19,164.7607320060146
quadratic_over_rho,default,false,2059,20,174.78821396872553
quadratic_over_rho,default,false,2059,21,150.02638811313815
quadratic_over_rho,default,false,2059,22,178.99304302665416
quadratic_over_rho,default,false,2059,23,189.85926199717812
quadratic_over_rho,default,false,2059,24,144.13893759964523
quadratic_over_rho,default,false,2059,25,7.990791595130064e23
quadratic_over_rho,default,false,2059,26,1.2648475130693976e24
quadratic_over_rho,default,false,2059,27,153.99209648096286
quadratic_over_rho,default,false,2059,28,153.89616973660162
quadratic_over_rho,default,false,2059,29,183.9690047600928
quadratic_over_rho,default,false,2059,30,160.20308679387037
quadratic_over_rho,default,false,2059,31,143.931590345931
quadratic_over_rho,default,false,2059,32,175.30224380143179
quadratic_over_rho,default,false,2059,33,166.21295413080966
quadratic_over_rho,default,false,2059,34,146.571107271786
quadratic_over_rho,default,false,2059,35,177.7476215202625
quadratic_over_rho,default,false,2059,36,167.01668269117448
quadratic_over_rho,default,false,2059,37,143.85860652268096
quadratic_over_rho,default,false,2059,38,154.53357023993723
quadratic_over_rho,default,false,2059,39,196.90426813003126
quadratic_over_rho,default,false,2059,40,149.38650019084665
quadratic_over_rho,default,false,2059,41,178.99695624248588
quadratic_over_rho,default,false,2059,42,157.59822112573872
quadratic_over_rho,default,false,2059,43,167.24188722985488
quadratic_over_rho,default,false,2059,44,185.3377618006385
quadratic_over_rho,default,true,2060,2,124.57800521215327
quadratic_over_rho,default,true,2060,3,119.7868395123842
quadratic_over_rho,default,true,2060,4,107.99170125098054
quadratic_over_rho,default,true,2060,5,88.109386607752
quadratic_over_rho,default,true,2060,6,98.1444441308474
quadratic_over_rho,default,true,2060,7,109.85927991175294
quadratic_over_rho,default,true,2060,8,122.25617786517273
quadratic_over_rho,default,true,2060,9,96.25105806383274
quadratic_over_rho,default,true,2060,10,90.27376498305638
quadratic_over_rho,default,true,2060,11,80.54707898901802
quadratic_over_rho,default,true,2060,12,83.88000397748611
quadratic_over_rho,default,true,2060,13,95.6392743894746
quadratic_over_rho,default,true,2060,14,97.16385935076092
quadratic_over_rho,default,true,2060,15,91.91405007049941
quadratic_over_rho,default,true,2060,16,80.04850368779422
quadratic_over_rho,default,true,2060,17,96.94632239562183
quadratic_over_rho,default,true,2060,18,106.97738381314421
quadratic_over_rho,default,true,2060,19,79.17114509168394
quadratic_over_rho,default,true,2060,20,91.51937333960703
quadratic_over_rho,default,true,2060,21,92.11214666142713
quadratic_over_rho,default,true,2060,22,84.90466501814035
quadratic_over_rho,default,true,2060,23,93.30017329190099
quadratic_over_rho,default,true,2060,24,85.31486447875719
quadratic_over_rho,default,true,2060,25,1.0997755437088768e15
quadratic_over_rho,default,true,2060,26,1.2091780612619848e15
quadratic_over_rho,default,true,2060,27,74.13768140536173
quadratic_over_rho,default,true,2060,28,103.0271958099355
quadratic_over_rho,default,true,2060,29,76.475112018254
quadratic_over_rho,default,true,2060,30,101.37259063065045
quadratic_over_rho,default,true,2060,31,91.99784189176071
quadratic_over_rho,default,true,2060,32,91.7951260876868
quadratic_over_rho,default,true,2060,33,71.2097801618609
quadratic_over_rho,default,true,2060,34,73.60622451986875
quadratic_over_rho,default,true,2060,35,2.045675461493152e13
quadratic_over_rho,default,true,2060,36,2.933782781907541e13
quadratic_over_rho,default,true,2060,37,83.90954185365007
quadratic_over_rho,default,true,2060,38,86.77075523830979
quadratic_over_rho,default,true,2060,39,84.39563609095514
quadratic_over_rho,default,true,2060,40,97.33958774738467
quadratic_over_rho,default,true,2060,41,83.7101126855813
quadratic_over_rho,default,true,2060,42,98.83096306885616
quadratic_over_rho,default,true,2060,43,68.33670484607006
quadratic_over_rho,default,true,2060,44,102.40652339083816
quadratic_over_rho,default,true,2060,45,102.65070683203211
quadratic_over_rho,default,true,2060,46,72.00116286060403
quadratic_over_rho,default,true,2060,47,92.47483596774205
quadratic_over_rho,default,true,2060,48,102.04752852207577
quadratic_over_rho,default,true,2060,49,93.52644340428964
quadratic_over_rho,default,true,2060,50,89.21151162205905
quadratic_over_rho,default,true,2060,51,101.23622707807839
quadratic_over_rho,default,true,2060,52,90.5668368196463
quadratic_over_rho,default,true,2060,53,97.7768643491721
quadratic_over_rho,default,true,2060,54,84.54503535649202
quadratic_over_rho,default,true,2060,55,97.40755608249681
quadratic_over_rho,default,true,2060,56,89.84543767686672
quadratic_over_rho,default,true,2060,57,89.3983257415626
quadratic_over_rho,default,true,2060,58,90.62307038799099
quadratic_over_rho,default,true,2060,59,98.11526996874774
quadratic_over_rho,default,true,2060,60,79.82755065135899
quadratic_over_rho,default,true,2060,61,93.01095193062518
quadratic_over_rho,default,true,2060,62,106.41119958494424
quadratic_over_rho,default,true,2060,63,87.12483627727923
quadratic_over_rho,default,true,2060,64,92.00130515151258
quadratic_over_rho,default,true,2060,65,88.37389123325714
quadratic_over_rho,default,true,2060,66,80.70494222409614
quadratic_over_rho,default,true,2060,67,91.81103041440517
quadratic_over_rho,default,true,2060,68,86.74549360009055
quadratic_over_rho,default,true,2060,69,89.61229470024188
quadratic_over_rho,default,true,2060,70,87.61635095127575
quadratic_over_rho,default,true,2060,71,105.74388850712772
quadratic_over_rho,default,true,2060,72,97.73642572663616
quadratic_over_rho,default,true,2060,73,87.56293867110263
quadratic_over_rho,default,true,2060,74,85.73037538808126
quadratic_over_rho,default,true,2060,75,85.85172890582814
quadratic_over_rho,default,true,2060,76,80.22227910344773
quadratic_over_rho,default,true,2060,77,93.07228418647502
quadratic_over_rho,default,true,2060,78,91.14974280697471
quadratic_over_rho,default,true,2060,79,103.69503830814315
quadratic_over_rho,default,true,2060,80,80.99852260584505
quadratic_over_rho,default,true,2060,81,94.64046339407605
quadratic_over_rho,default,true,2060,82,87.16849643648733
quadratic_over_rho,default,true,2060,83,91.75220556212052
quadratic_over_rho,default,true,2060,84,90.70875910866425
quadratic_over_rho,default,true,2060,85,84.29480810124598
quadratic_over_rho,default,true,2060,86,85.18824762150452
quadratic_over_rho,default,true,2060,87,112.28506510844831
quadratic_over_rho,default,true,2060,88,92.26358941034918
quadratic_over_rho,default,true,2060,89,87.25500712314422
quadratic_over_rho,default,true,2060,90,91.91046114699745
quadratic_over_rho,default,true,2060,91,103.51591541212704
quadratic_over_rho,default,true,2060,92,81.97061366400457
quadratic_over_rho,default,true,2060,93,76.32956482965506
quadratic_over_rho,default,true,2060,94,74.30606690550643
quadratic_over_rho,default,true,2060,95,79.9177526687946
quadratic_over_rho,default,true,2060,96,77.07132104365807
quadratic_over_rho,default,true,2060,97,79.48406212324336
quadratic_over_rho,default,true,2060,98,85.12179837011574
quadratic_over_rho,default,true,2060,99,76.32930232286336
quadratic_over_rho,default,true,2060,100,90.18221202692328
quadratic_over_rho,default,true,2060,101,86.36037740169216
quadratic_over_rho,default,true,2060,102,84.92101634506679
quadratic_over_rho,default,true,2060,103,98.5070055926997
quadratic_over_rho,default,true,2060,104,85.8104559923072
quadratic_over_rho,default,true,2060,105,96.04215234533872
quadratic_over_rho,default,true,2060,106,91.60604499819794
quadratic_over_rho,default,true,2060,107,5.199310161626854e38
quadratic_over_rho,default,true,2060,108,4.0762388107634545e38
quadratic_over_rho,default,true,2060,109,79.15285914239378
quadratic_over_rho,default,true,2060,110,79.84607251886375
quadratic_over_rho,default,true,2060,111,9.797600098697149e35
quadratic_over_rho,default,true,2060,112,6.67459564600951e35
quadratic_over_rho,default,true,2060,113,82.67256434555884
quadratic_over_rho,default,true,2060,114,83.77145810618885
quadratic_over_rho,default,true,2060,115,1.244418387611405e33
quadratic_over_rho,default,true,2060,116,1.0376295411058008e33
quadratic_over_rho,default,true,2060,117,84.72365864293263
quadratic_over_rho,default,true,2060,118,105.33221506598463
quadratic_over_rho,logistic,false,2061,2,110.06666210216656
quadratic_over_rho,logistic,false,2061,3,98.30883064359121
quadratic_over_rho,logistic,false,2061,4,88.70150130748657
quadratic_over_rho,logistic,false,2061,5,84.85015281235448
quadratic_over_rho,logistic,false,2061,6,97.03930971037727
quadratic_over_rho,logistic,false,2061,7,91.67619269109349
quadratic_over_rho,logistic,false,2061,8,85.78757273870934
quadratic_over_rho,logistic,false,2061,9,91.53248340923028
quadratic_over_rho,logistic,false,2061,10,86.59071469366255
quadratic_over_rho,logistic,false,2061,11,90.69952417246851
quadratic_over_rho,logistic,false,2061,12,98.3643078856993
quadratic_over_rho,logistic,false,2061,13,96.08850523463387
quadratic_over_rho,logistic,false,2061,14,88.04910630990602
quadratic_over_rho,logistic,false,2061,15,90.7047576116193
quadratic_over_rho,logistic,false,2061,16,87.13842433151389
quadratic_over_rho,logistic,false,2061,17,82.18726195050014
quadratic_over_rho,logistic,false,2061,18,81.72214213177283
quadratic_over_rho,logistic,false,2061,19,95.9214261080597
quadratic_over_rho,logistic,false,2061,20,84.86564711060123
quadratic_over_rho,logistic,false,2061,21,96.34770347544934
quadratic_over_rho,logistic,false,2061,22,88.84559294445029
quadratic_over_rho,logistic,false,2061,23,97.69070399392965
quadratic_over_rho,logistic,false,2061,24,88.27966786294145
quadratic_over_rho,logistic,false,2061,25,1.6920160026248043e13
quadratic_over_rho,logistic,false,2061,26,1.926000437143785e13
quadratic_over_rho,logistic,false,2061,27,1.1278095538231312e8
quadratic_over_rho,logistic,false,2061,28,1.267514703826396e8
quadratic_over_rho,logistic,false,2061,29,6274.937856608015
quadratic_over_rho,logistic,false,2061,30,6425.324510753046
quadratic_over_rho,logistic,false,2061,31,83.66988854299493
quadratic_over_rho,logistic,false,2061,32,79.68352334123261
quadratic_over_rho,logistic,false,2061,33,6.005635836518977e15
quadratic_over_rho,logistic,false,2061,34,8.08646298976139e15
quadratic_over_rho,logistic,false,2061,35,4.730673552992493e9
quadratic_over_rho,logistic,false,2061,36,4.479713217448803e9
quadratic_over_rho,logistic,false,2061,37,12165.926860345213
quadratic_over_rho,logistic,false,2061,38,12546.477920911877
quadratic_over_rho,logistic,false,2061,39,85.40248768894749
quadratic_over_rho,logistic,false,2061,40,97.90882108144704
quadratic_over_rho,logistic,false,2061,41,92.82655555502939
quadratic_over_rho,logistic,false,2061,42,85.61226341278727
quadratic_over_rho,logistic,false,2061,43,94.62928345680055
quadratic_over_rho,logistic,false,2061,44,101.28542009205398
quadratic_over_rho,logistic,false,2061,45,83.94068412453285
quadratic_over_rho,logistic,false,2061,46,94.18356392790858
quadratic_over_rho,logistic,false,2061,47,96.49722357151008
quadratic_over_rho,logistic,false,2061,48,78.42910627472415
quadratic_over_rho,logistic,false,2061,49,94.01507122680454
quadratic_over_rho,logistic,false,2061,50,102.53631087694238
quadratic_over_rho,logistic,false,2061,51,83.22349149998652
quadratic_over_rho,logistic,false,2061,52,97.92000114302232
quadratic_over_rho,logistic,false,2061,53,107.34285679245623
quadratic_over_rho,logistic,false,2061,54,104.59617327378031
quadratic_over_rho,logistic,false,2061,55,91.96683402551152
quadratic_over_rho,logistic,false,2061,56,87.52801605092613
quadratic_over_rho,logistic,false,2061,57,92.31206994198553
quadratic_over_rho,logistic,false,2061,58,90.29315642948968
quadratic_over_rho,logistic,false,2061,59,93.03068863875512
quadratic_over_rho,logistic,false,2061,60,86.39108096158894
quadratic_over_rho,logistic,false,2061,61,92.9157810822288
quadratic_over_rho,logistic,false,2061,62,78.01388812268489
quadratic_over_rho,logistic,false,2061,63,4.353645547778558e10
quadratic_over_rho,logistic,false,2061,64,3.684740006166199e10
quadratic_over_rho,logistic,false,2061,65,186059.2726090988
quadratic_over_rho,logistic,false,2061,66,211259.85924069735
quadratic_over_rho,logistic,false,2061,67,100.22185522607269
quadratic_over_rho,logistic,false,2061,68,109.43812688044514
quadratic_over_rho,logistic,false,2061,69,95.10979335339904
quadratic_over_rho,logistic,false,2061,70,100.93954838229187
quadratic_over_rho,logistic,false,2061,71,92.80855173529584
quadratic_over_rho,logistic,false,2061,72,99.16132074543775
quadratic_over_rho,logistic,false,2061,73,90.58476517566791
quadratic_over_rho,logistic,false,2061,74,100.11621427620204
quadratic_over_rho,logistic,false,2061,75,95.62586257534173
quadratic_over_rho,logistic,false,2061,76,101.43172626221305
quadratic_over_rho,logistic,false,2061,77,89.00020398959691
quadratic_over_rho,logistic,false,2061,78,74.73232777350827
quadratic_over_rho,logistic,false,2061,79,100.4141364738967
quadratic_over_rho,logistic,false,2061,80,96.47096443698089
quadratic_over_rho,logistic,false,2061,81,89.33222525820707
quadratic_over_rho,logistic,false,2061,82,92.19832234862407
quadratic_over_rho,logistic,false,2061,83,88.64670164728147
quadratic_over_rho,logistic,false,2061,84,78.97081187500952
quadratic_over_rho,logistic,false,2061,85,78.14705149055607
quadratic_over_rho,logistic,false,2061,86,93.95894196238217
quadratic_over_rho,logistic,false,2061,87,94.67164954919943
quadratic_over_rho,logistic,false,2061,88,92.89429637625797
quadratic_over_rho,logistic,false,2061,89,91.30679828628071
quadratic_over_rho,logistic,false,2061,90,86.6261725340809
quadratic_over_rho,logistic,false,2061,91,101.67003657308037
quadratic_over_rho,logistic,false,2061,92,96.22441723004798
quadratic_over_rho,logistic,false,2061,93,103.13863429357107
quadratic_over_rho,logistic,false,2061,94,87.79189935340584
quadratic_over_rho,logistic,false,2061,95,84.9954937815589
quadratic_over_rho,logistic,false,2061,96,98.70255435134676
quadratic_over_rho,logistic,false,2061,97,77.95900719548962
quadratic_over_rho,logistic,false,2061,98,89.18720775113714
quadratic_over_rho,logistic,false,2061,99,115.58857311545022
quadratic_over_rho,logistic,false,2061,100,82.71442881667414
quadratic_over_rho,logistic,false,2061,101,93.0084676709148
quadratic_over_rho,logistic,false,2061,102,93.31943157911623
quadratic_over_rho,logistic,false,2061,103,76.73716680788634
quadratic_over_rho,logistic,false,2061,104,104.07338374755969
quadratic_over_rho,logistic,false,2061,105,78.93932979464522
quadratic_over_rho,logistic,false,2061,106,106.15430862023715
quadratic_over_rho,logistic,false,2061,107,103.14593284763279
quadratic_over_rho,logistic,false,2061,108,97.20122006647274
quadratic_over_rho,logistic,false,2061,109,96.4115954568697
quadratic_over_rho,logistic,false,2061,110,79.20336169989473
quadratic_over_rho,logistic,false,2061,111,71.63791700284655
quadratic_over_rho,logistic,false,2061,112,93.65615096666659
quadratic_over_rho,logistic,false,2061,113,87.87296533094325
quadratic_over_rho,logistic,false,2061,114,98.9831169479638
quadratic_over_rho,logistic,false,2061,115,94.86512611369949
quadratic_over_rho,logistic,false,2061,116,96.65102135808745
quadratic_over_rho,logistic,false,2061,117,104.43626458798781
quadratic_over_rho,logistic,false,2061,118,85.40416229432029
quadratic_over_rho,logistic,false,2061,119,87.04150397889815
quadratic_over_rho,logistic,false,2061,120,86.66106251368596
quadratic_over_rho,logistic,false,2061,121,95.22410169453327
quadratic_over_rho,logistic,false,2061,122,86.31019309460747
quadratic_over_rho,logistic,false,2061,123,99.63422946390664
quadratic_over_rho,logistic,false,2061,124,108.5358049880944
quadratic_over_rho,logistic,false,2061,125,87.77220890947204
quadratic_over_rho,logistic,false,2061,126,83.51543527728985
quadratic_over_rho,logistic,false,2061,127,86.57540611283662
quadratic_over_rho,logistic,false,2061,128,91.95645557617034
quadratic_over_rho,logistic,false,2061,129,95.80804352017394
quadratic_over_rho,logistic,false,2061,130,83.34168174893074
quadratic_over_rho,logistic,false,2061,131,88.83073795520998
quadratic_over_rho,logistic,false,2061,132,97.25507588947822
quadratic_over_rho,logistic,false,2061,133,72.76898191809089
quadratic_over_rho,logistic,false,2061,134,108.9804121225044
quadratic_over_rho,logistic,false,2061,135,114.19061671462697
quadratic_over_rho,logistic,false,2061,136,101.59809368457096
quadratic_over_rho,logistic,false,2061,137,106.19615031046675
quadratic_over_rho,logistic,false,2061,138,102.43662298320949
quadratic_over_rho,logistic,false,2061,139,89.08395784868985
quadratic_over_rho,logistic,false,2061,140,86.70538524513137
quadratic_over_rho,logistic,false,2061,141,92.26477651667945
quadratic_over_rho,logistic,false,2061,142,85.23412538276077
quadratic_over_rho,logistic,false,2061,143,104.20370319493531
quadratic_over_rho,logistic,false,2061,144,100.66139402924846
quadratic_over_rho,logistic,false,2061,145,71.21271064326974
quadratic_over_rho,logistic,false,2061,146,95.17707659615074
quadratic_over_rho,logistic,false,2061,147,85.0382415517718
quadratic_over_rho,logistic,false,2061,148,90.91014867075378
quadratic_over_rho,logistic,false,2061,149,96.83922405325492
quadratic_over_rho,logistic,false,2061,150,88.48745893481876
quadratic_over_rho,logistic,false,2061,151,109.29913272627242
quadratic_over_rho,logistic,false,2061,152,84.96026096717505
quadratic_over_rho,logistic,false,2061,153,101.61190895312009
quadratic_over_rho,logistic,false,2061,154,91.47526020128883
quadratic_over_rho,logistic,false,2061,155,84.59214763943493
quadratic_over_rho,logistic,false,2061,156,88.51531582607353
quadratic_over_rho,logistic,false,2061,157,89.48386984098913
quadratic_over_rho,logistic,false,2061,158,101.38300848403982
quadratic_over_rho,logistic,false,2061,159,89.15464942677364
quadratic_over_rho,logistic,false,2061,160,78.71803363308035
quadratic_over_rho,logistic,false,2061,161,95.8829318330758
quadratic_over_rho,logistic,false,2061,162,105.12849784796455
quadratic_over_rho,logistic,false,2061,163,92.7883908551185
quadratic_over_rho,logistic,false,2061,164,80.09600668690265
quadratic_over_rho,logistic,false,2061,165,98.99668981471959
quadratic_over_rho,logistic,false,2061,166,80.1755871295031
quadratic_over_rho,logistic,false,2061,167,92.80553922810813
quadratic_over_rho,logistic,false,2061,168,84.18228694041018
quadratic_over_rho,logistic,false,2061,169,82.47171031810029
quadratic_over_rho,logistic,false,2061,170,94.77357203280987
quadratic_over_rho,logistic,false,2061,171,80.66035679980799
quadratic_over_rho,logistic,false,2061,172,100.75647064835475
quadratic_over_rho,logistic,false,2061,173,102.26330505087675
quadratic_over_rho,logistic,false,2061,174,94.58273720731094
quadratic_over_rho,logistic,false,2061,175,91.97744572832795
quadratic_over_rho,logistic,false,2061,176,87.90382575578444
quadratic_over_rho,logistic,false,2061,177,79.25223844569382
quadratic_over_rho,logistic,false,2061,178,94.21221615546298
quadratic_over_rho,logistic,false,2061,179,4.149784011396716e10
quadratic_over_rho,logistic,false,2061,180,4.111024841171762e10
quadratic_over_rho,logistic,false,2061,181,1.9626621715339173e6
quadratic_over_rho,logistic,false,2061,182,1.5877481460537773e6
quadratic_over_rho,logistic,false,2061,183,151.3194114542727
quadratic_over_rho,logistic,false,2061,184,101.39013628793565
quadratic_over_rho,logistic,false,2061,185,77.97359189547534
quadratic_over_rho,logistic,false,2061,186,87.49535425589814
quadratic_over_rho,logistic,false,2061,187,92.94803752776278
quadratic_over_rho,logistic,false,2061,188,74.16272148631853
quadratic_over_rho,logistic,false,2061,189,4.987588212218406e12
quadratic_over_rho,logistic,false,2061,190,4.499463070162723e12
quadratic_over_rho,logistic,false,2061,191,4.585190122051752e6
quadratic_over_rho,logistic,false,2061,192,4.160715136989861e6
quadratic_over_rho,logistic,false,2061,193,127.11295769850634
quadratic_over_rho,logistic,false,2061,194,132.3471966973027
quadratic_over_rho,logistic,false,2061,195,84.84956219040889
quadratic_over_rho,logistic,false,2061,196,78.96551037951073
quadratic_over_rho,logistic,false,2061,197,97.6400036352155
quadratic_over_rho,logistic,false,2061,198,102.35046371748017
quadratic_over_rho,logistic,false,2061,199,82.54422403836159
quadratic_over_rho,logistic,false,2061,200,84.70934070747535
quadratic_over_rho,logistic,false,2061,201,87.16239516430961
quadratic_over_rho,logistic,false,2061,202,77.39448166704936
quadratic_over_rho,logistic,false,2061,203,70.23166133627487
quadratic_over_rho,logistic,false,2061,204,84.82274599625447
quadratic_over_rho,logistic,false,2061,205,76.92979164835222
quadratic_over_rho,logistic,false,2061,206,99.96112105739327
quadratic_over_rho,logistic,false,2061,207,104.4569766989215
quadratic_over_rho,logistic,false,2061,208,94.6794150168844
quadratic_over_rho,logistic,false,2061,209,107.25453772714353
quadratic_over_rho,logistic,false,2061,210,70.0637295010262
quadratic_over_rho,logistic,false,2061,211,1.6680695469963565e8
quadratic_over_rho,logistic,false,2061,212,1.329312083645801e8
quadratic_over_rho,logistic,false,2061,213,112.65549230596548
quadratic_over_rho,logistic,false,2061,214,123.87902720915307
quadratic_over_rho,logistic,false,2061,215,102.41283905097191
quadratic_over_rho,logistic,false,2061,216,93.14862249311345
quadratic_over_rho,logistic,false,2061,217,83.41911543644133
quadratic_over_rho,logistic,false,2061,218,93.70531795469279
quadratic_over_rho,logistic,false,2061,219,90.09457683995285
quadratic_over_rho,logistic,false,2061,220,93.64112346976239
quadratic_over_rho,logistic,false,2061,221,86.42878281661689
quadratic_over_rho,logistic,false,2061,222,102.45465357695512
quadratic_over_rho,logistic,false,2061,223,83.77003919395045
quadratic_over_rho,logistic,false,2061,224,86.33147825447045
quadratic_over_rho,logistic,false,2061,225,87.2962254489924
quadratic_over_rho,logistic,false,2061,226,94.49875163499983
quadratic_over_rho,logistic,false,2061,227,80.24158317845603
quadratic_over_rho,logistic,false,2061,228,98.2943978436842
quadratic_over_rho,logistic,false,2061,229,90.2143965047743
quadratic_over_rho,logistic,false,2061,230,98.1344437166194
quadratic_over_rho,logistic,false,2061,231,98.30646064361672
quadratic_over_rho,logistic,false,2061,232,87.9689230553083
quadratic_over_rho,logistic,false,2061,233,92.01996673899046
quadratic_over_rho,logistic,false,2061,234,101.89630855272185
quadratic_over_rho,logistic,false,2061,235,87.23123848403462
quadratic_over_rho,logistic,false,2061,236,100.62400094571943
quadratic_over_rho,logistic,false,2061,237,102.69382293287647
quadratic_over_rho,logistic,false,2061,238,102.90777136336844
quadratic_over_rho,logistic,false,2061,239,95.07151898183652
quadratic_over_rho,logistic,false,2061,240,90.08074707379777
quadratic_over_rho,logistic,false,2061,241,95.05015243820829
quadratic_over_rho,logistic,false,2061,242,89.71548849758904
quadratic_over_rho,logistic,false,2061,243,82.32873141224766
quadratic_over_rho,logistic,false,2061,244,93.6990058699623
quadratic_over_rho,logistic,false,2061,245,87.34824962324927
quadratic_over_rho,logistic,false,2061,246,83.82946217995823
quadratic_over_rho,logistic,false,2061,247,106.68271835886304
quadratic_over_rho,logistic,false,2061,248,78.69179214639405
quadratic_over_rho,logistic,false,2061,249,88.8359272731078
quadratic_over_rho,logistic,false,2061,250,92.64661396812916
quadratic_over_rho,logistic,false,2061,251,103.62603499620751
quadratic_over_rho,logistic,false,2061,252,106.02045309932605
quadratic_over_rho,logistic,false,2061,253,84.07624872212804
quadratic_over_rho,logistic,false,2061,254,99.05558399534388
quadratic_over_rho,logistic,false,2061,255,95.26108679571698
quadratic_over_rho,logistic,false,2061,256,93.2883907473078
quadratic_over_rho,logistic,false,2061,257,82.71630927476245
quadratic_over_rho,logistic,false,2061,258,99.9025928041758
quadratic_over_rho,logistic,false,2061,259,82.81736241396241
quadratic_over_rho,logistic,false,2061,260,86.41612902756432
quadratic_over_rho,logistic,false,2061,261,72.03847880173919
quadratic_over_rho,logistic,false,2061,262,95.96494041028878
quadratic_over_rho,logistic,false,2061,263,77.68802544265075
quadratic_over_rho,logistic,false,2061,264,83.34301416649267
quadratic_over_rho,logistic,false,2061,265,94.21064834562347
quadratic_over_rho,logistic,false,2061,266,100.11234340608327
quadratic_over_rho,logistic,false,2061,267,100.39110877527723
quadratic_over_rho,logistic,false,2061,268,85.59344351467931
quadratic_over_rho,logistic,false,2061,269,90.14831126448979
quadratic_over_rho,logistic,false,2061,270,97.26733033270774
quadratic_over_rho,logistic,false,2061,271,94.42590604867578
quadratic_over_rho,logistic,false,2061,272,106.8850758482612
quadratic_over_rho,logistic,false,2061,273,70.67514540030429
quadratic_over_rho,logistic,false,2061,274,97.86240400360421
quadratic_over_rho,logistic,false,2061,275,83.80945263379283
quadratic_over_rho,logistic,false,2061,276,100.04225882623025
quadratic_over_rho,logistic,false,2061,277,76.09258291480803
quadratic_over_rho,logistic,false,2061,278,90.55997679004757
quadratic_over_rho,logistic,false,2061,279,86.26567491448623
quadratic_over_rho,logistic,false,2061,280,88.6686011709315
quadratic_over_rho,logistic,false,2061,281,105.6379605248324
quadratic_over_rho,logistic,false,2061,282,100.29857258006695
quadratic_over_rho,logistic,false,2061,283,88.11539375872408
quadratic_over_rho,logistic,false,2061,284,84.39613372288309
quadratic_over_rho,logistic,false,2061,285,81.30044849600378
quadratic_over_rho,logistic,false,2061,286,96.88885775524892
quadratic_over_rho,logistic,false,2061,287,89.5689161273575
quadratic_over_rho,logistic,false,2061,288,79.81818352531006
quadratic_over_rho,logistic,false,2061,289,88.56842676855545
quadratic_over_rho,logistic,false,2061,290,86.20575473463305
quadratic_over_rho,logistic,false,2061,291,82.03875794015687
quadratic_over_rho,logistic,false,2061,292,102.41386843330658
quadratic_over_rho,logistic,false,2061,293,80.91756962652295
quadratic_over_rho,logistic,false,2061,294,119.57870799749846
quadratic_over_rho,logistic,false,2061,295,88.97860147424237
quadratic_over_rho,logistic,false,2061,296,84.29552469561887
quadratic_over_rho,logistic,false,2061,297,89.12242291362817
quadratic_over_rho,logistic,false,2061,298,99.37832625482949
quadratic_over_rho,logistic,false,2061,299,99.73185542000562
quadratic_over_rho,logistic,false,2061,300,96.5002096760498
quadratic_over_rho,logistic,false,2061,301,83.21257064258252
quadratic_over_rho,logistic,false,2061,302,98.6366787775428
quadratic_over_rho,logistic,false,2061,303,95.0592087055056
quadratic_over_rho,logistic,false,2061,304,91.09870457900568
quadratic_over_rho,logistic,false,2061,305,90.41712897041177
quadratic_over_rho,logistic,false,2061,306,101.1521572339196
quadratic_over_rho,logistic,false,2061,307,107.8254795649882
quadratic_over_rho,logistic,false,2061,308,93.74978442000517
quadratic_over_rho,logistic,false,2061,309,89.84754638498045
quadratic_over_rho,logistic,false,2061,310,104.60139506455344
quadratic_over_rho,logistic,false,2061,311,98.20858048015779
quadratic_over_rho,logistic,false,2061,312,95.213523139111
quadratic_over_rho,logistic,false,2061,313,86.15762416786478
quadratic_over_rho,logistic,false,2061,314,99.46448906581458
quadratic_over_rho,logistic,false,2061,315,94.36723080106755
quadratic_over_rho,logistic,false,2061,316,91.73805751971753
quadratic_over_rho,logistic,false,2061,317,86.40325348025085
quadratic_over_rho,logistic,false,2061,318,87.89134355608368
quadratic_over_rho,logistic,false,2061,319,89.70890396915557
quadratic_over_rho,logistic,false,2061,320,86.66691371485922
quadratic_over_rho,logistic,false,2061,321,80.80827555855909
quadratic_over_rho,logistic,false,2061,322,95.10958573996186
quadratic_over_rho,logistic,false,2061,323,88.84891788480232
quadratic_over_rho,logistic,false,2061,324,71.61509047102838
quadratic_over_rho,logistic,false,2061,325,87.12783029822042
quadratic_over_rho,logistic,false,2061,326,87.91826894322867
quadratic_over_rho,logistic,false,2061,327,80.54625680787939
quadratic_over_rho,logistic,false,2061,328,95.76158676319709
quadratic_over_rho,logistic,true,2062,2,104.44866452535346
quadratic_over_rho,logistic,true,2062,3,115.48040560244299
quadratic_over_rho,logistic,true,2062,4,110.18580779827657
quadratic_over_rho,logistic,true,2062,5,96.0149686667115
quadratic_over_rho,logistic,true,2062,6,86.58202456994464
quadratic_over_rho,logistic,true,2062,7,83.59356364234344
quadratic_over_rho,logistic,true,2062,8,110.199979966752
quadratic_over_rho,logistic,true,2062,9,91.36770357855256
quadratic_over_rho,logistic,true,2062,10,91.81669801134697
quadratic_over_rho,logistic,true,2062,11,93.55448642302851
quadratic_over_rho,logistic,true,2062,12,94.20239706132945
quadratic_over_rho,logistic,true,2062,13,79.41454409514388
quadratic_over_rho,logistic,true,2062,14,87.49034308475335
quadratic_over_rho,logistic,true,2062,15,90.18225418853665
quadratic_over_rho,logistic,true,2062,16,90.54055482947554
quadratic_over_rho,logistic,true,2062,17,79.79659936502556
quadratic_over_rho,logistic,true,2062,18,93.99781803681823
quadratic_over_rho,logistic,true,2062,19,98.68378139983706
quadratic_over_rho,logistic,true,2062,20,85.92653996949676
quadratic_over_rho,logistic,true,2062,21,89.79559930945824
quadratic_over_rho,logistic,true,2062,22,99.55077330542295
quadratic_over_rho,logistic,true,2062,23,103.48772986164418
quadratic_over_rho,logistic,true,2062,24,99.79515511774426
quadratic_over_rho,logistic,true,2062,25,2.7770512311955224e16
quadratic_over_rho,logistic,true,2062,26,2.3436976429872892e16
quadratic_over_rho,logistic,true,2062,27,1.0312700452089999e15
quadratic_over_rho,logistic,true,2062,28,9.928539888825642e14
quadratic_over_rho,logistic,true,2062,29,100.83490457704633
quadratic_over_rho,logistic,true,2062,30,85.51947207977891
quadratic_over_rho,logistic,true,2062,31,2.742680538696113e16
quadratic_over_rho,logistic,true,2062,32,2.602735498209764e16
quadratic_over_rho,logistic,true,2062,33,99.06864979929499
quadratic_over_rho,logistic,true,2062,34,85.15917530394451
quadratic_over_rho,logistic,true,2062,35,85.61884002245138
quadratic_over_rho,logistic,true,2062,36,110.20604867419557
quadratic_over_rho,logistic,true,2062,37,94.28955995779681
quadratic_over_rho,logistic,true,2062,38,98.94018681129462
quadratic_over_rho,logistic,true,2062,39,103.29007863149826
quadratic_over_rho,logistic,true,2062,40,104.15874817858983
quadratic_over_rho,logistic,true,2062,41,73.77720733365223
quadratic_over_rho,logistic,true,2062,42,84.80440153664425
quadratic_over_rho,logistic,true,2062,43,7.824854297691355e14
quadratic_over_rho,logistic,true,2062,44,9.065677276575709e14
quadratic_over_rho,logistic,true,2062,45,96.55351272702437
quadratic_over_rho,logistic,true,2062,46,89.83075376042524
quadratic_over_rho,logistic,true,2062,47,78.32006440926394
quadratic_over_rho,logistic,true,2062,48,71.83936495583094
quadratic_over_rho,logistic,true,2062,49,95.73772720234147
quadratic_over_rho,logistic,true,2062,50,104.39303318162365
quadratic_over_rho,logistic,true,2062,51,84.62571252282139
quadratic_over_rho,logistic,true,2062,52,96.57239554116815
quadratic_over_rho,logistic,true,2062,53,79.28707228315238
quadratic_over_rho,logistic,true,2062,54,83.68248109125513
quadratic_over_rho,logistic,true,2062,55,93.81055584024003
quadratic_over_rho,logistic,true,2062,56,114.06375784982478
quadratic_over_rho,logistic,true,2062,57,80.60649121013228
quadratic_over_rho,logistic,true,2062,58,85.17120705611914
quadratic_over_rho,logistic,true,2062,59,79.08340271692441
quadratic_over_rho,logistic,true,2062,60,100.50045054987089
quadratic_over_rho,logistic,true,2062,61,84.1032177305918
quadratic_over_rho,logistic,true,2062,62,96.07246333183296
quadratic_over_rho,logistic,true,2062,63,110.72355051656474
quadratic_over_rho,logistic,true,2062,64,98.41047692155745
quadratic_over_rho,logistic,true,2062,65,96.09602757434075
quadratic_over_rho,logistic,true,2062,66,95.67111146087255
quadratic_over_rho,logistic,true,2062,67,93.82638873593324
quadratic_over_rho,logistic,true,2062,68,88.73430318027782
quadratic_over_rho,logistic,true,2062,69,77.61218189942166
quadratic_over_rho,logistic,true,2062,70,100.5888651636205
quadratic_over_rho,logistic,true,2062,71,81.08622458069914
quadratic_over_rho,logistic,true,2062,72,88.76406866351934
quadratic_over_rho,logistic,true,2062,73,98.94705971609034
quadratic_over_rho,logistic,true,2062,74,81.24942622071536
quadratic_over_rho,logistic,true,2062,75,4.350046989135179e13
quadratic_over_rho,logistic,true,2062,76,4.130979879066141e13
quadratic_over_rho,logistic,true,2062,77,93.52533453075455
quadratic_over_rho,logistic,true,2062,78,97.04150191290198
quadratic_over_rho,logistic,true,2062,79,89.24878144043129
quadratic_over_rho,logistic,true,2062,80,104.8377988532186
quadratic_over_rho,logistic,true,2062,81,92.5885239747403
quadratic_over_rho,logistic,true,2062,82,80.43171112178771
quadratic_over_rho,logistic,true,2062,83,2.3675867354083675e15
quadratic_over_rho,logistic,true,2062,84,3.383358929242709e15
quadratic_over_rho,logistic,true,2062,85,87.07385264794691
quadratic_over_rho,logistic,true,2062,86,90.67710394126465
quadratic_over_rho,logistic,true,2062,87,83.23821796122537
quadratic_over_rho,logistic,true,2062,88,88.425052672563
quadratic_over_rho,logistic,true,2062,89,112.58625076140777
quadratic_over_rho,logistic,true,2062,90,94.29724540857158
quadratic_over_rho,logistic,true,2062,91,82.8816082807761
quadratic_over_rho,logistic,true,2062,92,99.56283072751027
quadratic_over_rho,logistic,true,2062,93,99.59015688494935
quadratic_over_rho,logistic,true,2062,94,86.66529469407543
quadratic_over_rho,logistic,true,2062,95,80.6462679260383
quadratic_over_rho,logistic,true,2062,96,94.22356376731443
quadratic_over_rho,logistic,true,2062,97,98.25411425800618
quadratic_over_rho,logistic,true,2062,98,86.99783820909553
quadratic_over_rho,logistic,true,2062,99,92.30537110244192
quadratic_over_rho,logistic,true,2062,100,91.64793875836996
quadratic_over_rho,logistic,true,2062,101,103.3137082199283
quadratic_over_rho,logistic,true,2062,102,101.09785078435505
quadratic_over_rho,logistic,true,2062,103,96.0634231407901
quadratic_over_rho,logistic,true,2062,104,99.05056753329923
quadratic_over_rho,logistic,true,2062,105,87.26196894991318
quadratic_over_rho,logistic,true,2062,106,80.08870347954714
quadratic_over_rho,logistic,true,2062,107,97.57288206380233
quadratic_over_rho,logistic,true,2062,108,98.59675861993608
quadratic_over_rho,logistic,true,2062,109,100.69367734433797
quadratic_over_rho,logistic,true,2062,110,92.8745821738744
quadratic_over_rho,logistic,true,2062,111,98.70807379992674
quadratic_over_rho,logistic,true,2062,112,86.92648075351923
quadratic_over_rho,logistic,true,2062,113,88.08791996814291
quadratic_over_rho,logistic,true,2062,114,85.96797536248233
quadratic_over_rho,logistic,true,2062,115,93.02922645510021
quadratic_over_rho,logistic,true,2062,116,91.4709853137348
quadratic_over_rho,logistic,true,2062,117,86.24574278970744
quadratic_over_rho,logistic,true,2062,118,93.98161063652545
quadratic_over_rho,logistic,true,2062,119,94.50332213162011
quadratic_over_rho,logistic,true,2062,120,78.92564793915766
quadratic_over_rho,logistic,true,2062,121,92.76554771227427
quadratic_over_rho,logistic,true,2062,122,88.68781059817051
quadratic_over_rho,logistic,true,2062,123,93.01770303278808
quadratic_over_rho,logistic,true,2062,124,89.82753882653907
quadratic_over_rho,logistic,true,2062,125,89.85672008670524
quadratic_over_rho,logistic,true,2062,126,98.36621275516137
quadratic_over_rho,logistic,true,2062,127,89.5726586472091
quadratic_over_rho,logistic,true,2062,128,98.53709705280302
quadratic_over_rho,logistic,true,2062,129,90.75948506276733
quadratic_over_rho,logistic,true,2062,130,84.20272641591241
quadratic_over_rho,logistic,true,2062,131,101.38679667343212
quadratic_over_rho,logistic,true,2062,132,102.1210166576072
quadratic_over_rho,logistic,true,2062,133,89.03120634818069
quadratic_over_rho,logistic,true,2062,134,95.57843137238521
quadratic_over_rho,logistic,true,2062,135,94.48021005096282
quadratic_over_rho,logistic,true,2062,136,92.2491450815221
quadratic_over_rho,logistic,true,2062,137,105.64072820006035
quadratic_over_rho,logistic,true,2062,138,94.96475820354779
quadratic_over_rho,logistic,true,2062,139,93.24782133082276
quadratic_over_rho,logistic,true,2062,140,82.75056757534512
quadratic_over_rho,logistic,true,2062,141,3.2241706928626714e17
quadratic_over_rho,logistic,true,2062,142,3.7919428833231917e17
quadratic_over_rho,logistic,true,2062,143,97.48470466617417
quadratic_over_rho,logistic,true,2062,144,95.74414127509769
quadratic_over_rho,logistic,true,2062,145,94.4822560478727
quadratic_over_rho,logistic,true,2062,146,97.54100963207108
quadratic_over_rho,logistic,true,2062,147,90.09050162709896
quadratic_over_rho,logistic,true,2062,148,90.90106173393397
quadratic_over_rho,logistic,true,2062,149,103.11112036468366
quadratic_over_rho,logistic,true,2062,150,80.84845882496278
quadratic_over_rho,logistic,true,2062,151,8.476657835136685e7
quadratic_over_rho,logistic,true,2062,152,9.43319004541902e7
quadratic_over_rho,logistic,true,2062,153,73.08503001439688
quadratic_over_rho,logistic,true,2062,154,106.04841321988383
quadratic_over_rho,logistic,true,2062,155,83.67806060318675
quadratic_over_rho,logistic,true,2062,156,94.83584706331558
quadratic_over_rho,logistic,true,2062,157,94.15199776389088
quadratic_over_rho,logistic,true,2062,158,84.76616492392456
quadratic_over_rho,logistic,true,2062,159,89.04157284410071
quadratic_over_rho,logistic,true,2062,160,95.96896817071948
quadratic_over_rho,logistic,true,2062,161,108.85056020653104
quadratic_over_rho,logistic,true,2062,162,90.33454947684261
quadratic_over_rho,logistic,true,2062,163,73.07311866036666
quadratic_over_rho,logistic,true,2062,164,92.57015299131162
quadratic_over_rho,logistic,true,2062,165,79.78194168455155
quadratic_over_rho,logistic,true,2062,166,93.59021177220247
quadratic_over_rho,logistic,true,2062,167,85.13456096282903
quadratic_over_rho,logistic,true,2062,168,96.70698643783489
quadratic_over_rho,logistic,true,2062,169,77.87702968019651
quadratic_over_rho,logistic,true,2062,170,86.23043083722982
quadratic_over_rho,logistic,true,2062,171,81.70178613761028
quadratic_over_rho,logistic,true,2062,172,102.5145560292495
quadratic_over_rho,logistic,true,2062,173,97.79235274547862
quadratic_over_rho,logistic,true,2062,174,80.22380207015851
quadratic_over_rho,logistic,true,2062,175,92.19818066571821
quadratic_over_rho,logistic,true,2062,176,85.64590559542252
quadratic_over_rho,logistic,true,2062,177,80.25987260693977
quadratic_over_rho,logistic,true,2062,178,102.29487341377002
quadratic_over_rho,logistic,true,2062,179,84.87578747468432
quadratic_over_rho,logistic,true,2062,180,90.58645185446517
quadratic_over_rho,logistic,true,2062,181,102.26052628122159
quadratic_over_rho,logistic,true,2062,182,88.75199725923856
quadratic_over_rho,logistic,true,2062,183,90.91643302408313
quadratic_over_rho,logistic,true,2062,184,77.11813597263634
quadratic_over_rho,logistic,true,2062,185,100.54859566888513
quadratic_over_rho,logistic,true,2062,186,91.65929084818949
quadratic_over_rho,logistic,true,2062,187,88.36713559888216
quadratic_over_rho,logistic,true,2062,188,98.04418627669634
quadratic_over_rho,logistic,true,2062,189,92.42789526192472
quadratic_over_rho,logistic,true,2062,190,102.91427561366221
quadratic_over_rho,logistic,true,2062,191,102.9444720883467
quadratic_over_rho,logistic,true,2062,192,95.99076594944071
quadratic_over_rho,logistic,true,2062,193,97.09471068003012
quadratic_over_rho,logistic,true,2062,194,97.36846967168414
quadratic_over_rho,logistic,true,2062,195,87.06985680765808
quadratic_over_rho,logistic,true,2062,196,101.08786362964557
quadratic_over_rho,logistic,true,2062,197,109.08338971543506
quadratic_over_rho,logistic,true,2062,198,117.09523148697649
quadratic_over_rho,logistic,true,2062,199,86.0178542311239
quadratic_over_rho,logistic,true,2062,200,79.07571960132913
quadratic_over_rho,logistic,true,2062,201,93.29791847542458
quadratic_over_rho,logistic,true,2062,202,91.6262516955742
quadratic_over_rho,logistic,true,2062,203,95.98805615029381
quadratic_over_rho,logistic,true,2062,204,83.99279149601728
quadratic_over_rho,logistic,true,2062,205,92.39639119970613
quadratic_over_rho,logistic,true,2062,206,88.3836494169938
quadratic_over_rho,logistic,true,2062,207,80.51162551586236
quadratic_over_rho,logistic,true,2062,208,87.34609010546883
quadratic_over_rho,logistic,true,2062,209,96.67718298645592
quadratic_over_rho,logistic,true,2062,210,95.0716262596436
quadratic_over_rho,logistic,true,2062,211,95.87106093503861
quadratic_over_rho,logistic,true,2062,212,95.41017208527734
quadratic_over_rho,logistic,true,2062,213,87.9833797319079
quadratic_over_rho,logistic,true,2062,214,104.08731814540897
quadratic_over_rho,logistic,true,2062,215,94.07409632068712
quadratic_over_rho,logistic,true,2062,216,74.99874804531862
quadratic_over_rho,logistic,true,2062,217,95.50778046361009
quadratic_over_rho,logistic,true,2062,218,83.38506658140737
quadratic_over_rho,logistic,true,2062,219,104.39716103548288
quadratic_over_rho,logistic,true,2062,220,100.4927255077766
quadratic_over_rho,logistic,true,2062,221,108.96909167518723
quadratic_over_rho,logistic,true,2062,222,95.20517581658711
quadratic_over_rho,logistic,true,2062,223,82.48053988009364
quadratic_over_rho,logistic,true,2062,224,94.66076560660254
quadratic_over_rho,logistic,true,2062,225,82.6980308708111
quadratic_over_rho,logistic,true,2062,226,82.24516796404582
quadratic_over_rho,logistic,true,2062,227,103.66825304068261
quadratic_over_rho,logistic,true,2062,228,94.68062341365649
quadratic_over_rho,logistic,true,2062,229,93.30545056317696
quadratic_over_rho,logistic,true,2062,230,89.66874362203329
quadratic_over_rho,logistic,true,2062,231,81.55151827703443
quadratic_over_rho,logistic,true,2062,232,77.02920416591334
quadratic_over_rho,logistic,true,2062,233,87.59430629992391
quadratic_over_rho,logistic,true,2062,234,83.55841265734738
quadratic_over_rho,logistic,true,2062,235,93.67844215221135
quadratic_over_rho,logistic,true,2062,236,90.84807150318014
quadratic_over_rho,logistic,true,2062,237,94.18012378784549
quadratic_over_rho,logistic,true,2062,238,92.15906773672717
quadratic_over_rho,logistic,true,2062,239,104.99448182692096
quadratic_over_rho,logistic,true,2062,240,98.01487629970016
quadratic_over_rho,logistic,true,2062,241,99.38246082288984
quadratic_over_rho,logistic,true,2062,242,79.11654403248626
quadratic_over_rho,logistic,true,2062,243,96.1347000995342
quadratic_over_rho,logistic,true,2062,244,85.75791686161112
quadratic_over_rho,logistic,true,2062,245,80.64071821018531
quadratic_over_rho,logistic,true,2062,246,89.656230687134
quadratic_over_rho,logistic,true,2062,247,80.52063173299999
quadratic_over_rho,logistic,true,2062,248,81.17517262644799
quadratic_over_rho,logistic,true,2062,249,95.32089279522818
quadratic_over_rho,logistic,true,2062,250,89.92431748156382
quadratic_over_rho,logistic,true,2062,251,3.8937839441461725e24
quadratic_over_rho,logistic,true,2062,252,3.105210902062462e24
quadratic_over_rho,logistic,true,2062,253,88.08364998301131
quadratic_over_rho,logistic,true,2062,254,98.02548171423773
quadratic_over_rho,logistic,true,2062,255,108.87616449574008
quadratic_over_rho,logistic,true,2062,256,77.52597672539869
quadratic_over_rho,logistic,true,2062,257,79.9424295002915
quadratic_over_rho,logistic,true,2062,258,95.99069003509202
quadratic_over_rho,logistic,true,2062,259,81.11561495591496
quadratic_over_rho,logistic,true,2062,260,106.98725276713756
quadratic_over_rho,logistic,true,2062,261,90.31381666913825
quadratic_over_rho,logistic,true,2062,262,96.05550814494741
quadratic_over_rho,logistic,true,2062,263,1.2507230249398194e30
quadratic_over_rho,logistic,true,2062,264,1.3732987964367e30
quadratic_over_rho,logistic,true,2062,265,95.21816738574499
quadratic_over_rho,logistic,true,2062,266,106.96928558253842
